datum,account,variant,rod,onfh,mediaan,filter,signaal,richting,stop_punten,contracten,status,reden,instap,uitstap,uitstapreden,netto,R,slippage_ticks,tijd_et,tijd_nl
2026-10-05,mgc-paper,A,-0.001033,0.005261,,,4158.299805,0,,,geen,te_weinig_historie,,,,,,,,
2026-10-05,mgc-paper,B,-0.001033,0.005261,,,4158.299805,0,,,geen,te_weinig_historie,,,,,,,,
2026-10-05,mgc-paper,C,-0.001033,0.005261,,,4158.299805,0,,,geen,te_weinig_historie,,,,,,,,
2026-10-05,mgc-paper,D,-0.001033,0.005261,,,4158.299805,0,,,geen,te_weinig_historie,,,,,,,,
2026-10-05,mgc-paper,E,-0.001033,0.005261,,,4158.299805,0,,,geen,te_weinig_historie,,,,,,,,
2026-10-05,mgc-paper,R,-0.001033,0.005261,,,4158.299805,0,,,geen,te_weinig_historie,,,,,,,,
2026-10-06,mgc-paper,A,0.006470,0.009044,,,4184.299805,0,,,geen,te_weinig_historie,,,,,,,,
2026-10-06,mgc-paper,B,0.006470,0.009044,,,4184.299805,0,,,geen,te_weinig_historie,,,,,,,,
2026-10-06,mgc-paper,C,0.006470,0.009044,,,4184.299805,0,,,geen,te_weinig_historie,,,,,,,,
2026-10-06,mgc-paper,D,0.006470,0.009044,,,4184.299805,0,,,geen,te_weinig_historie,,,,,,,,
2026-10-06,mgc-paper,E,0.006470,0.009044,,,4184.299805,0,,,geen,te_weinig_historie,,,,,,,,
2026-10-06,mgc-paper,R,0.006470,0.009044,,,4184.299805,0,,,geen,te_weinig_historie,,,,,,,,
2026-10-07,mgc-paper,A,-0.012702,-0.021273,,,4135.100098,0,,,geen,te_weinig_historie,,,,,,,,
2026-10-07,mgc-paper,B,-0.012702,-0.021273,,,4135.100098,0,,,geen,te_weinig_historie,,,,,,,,
2026-10-07,mgc-paper,C,-0.012702,-0.021273,,,4135.100098,0,,,geen,te_weinig_historie,,,,,,,,
2026-10-07,mgc-paper,D,-0.012702,-0.021273,,,4135.100098,0,,,geen,te_weinig_historie,,,,,,,,
2026-10-07,mgc-paper,E,-0.012702,-0.021273,,,4135.100098,0,,,geen,te_weinig_historie,,,,,,,,
2026-10-07,mgc-paper,R,-0.012702,-0.021273,,,4135.100098,0,,,geen,te_weinig_historie,,,,,,,,
