datum,contract,p1000,p1530,p1600,bron
2026-08-06,ESZ6,7830.25,7805.0,7804.25,5m
2026-08-07,ESZ6,7822.0,7848.0,7849.0,5m
2026-08-09,ESZ6,,,,5m
2026-08-10,ESZ6,7848.0,7848.25,7845.5,5m
2026-08-11,ESZ6,7846.5,7819.25,7818.0,5m
2026-08-12,ESZ6,7837.75,7839.5,7834.25,5m
2026-08-13,ESZ6,7888.25,7893.25,7890.5,5m
2026-08-14,ESZ6,7894.75,7872.25,7870.5,5m
2026-08-16,ESZ6,,,,5m
2026-08-17,ESZ6,7861.0,7839.0,7834.75,5m
2026-08-18,ESZ6,7789.75,7787.25,7781.25,5m
2026-08-19,ESZ6,7807.0,7803.5,7797.5,5m
2026-08-20,ESZ6,7769.5,7741.5,7728.25,5m
2026-08-21,ESZ6,7747.25,7762.0,7755.75,5m
2026-08-23,ESZ6,,,,5m
2026-08-24,ESZ6,7735.75,7741.75,7736.0,5m
2026-08-25,ESZ6,7756.25,7748.5,7759.0,5m
2026-08-26,ESZ6,7766.0,7769.25,7757.0,5m
2026-08-27,ESZ6,7777.25,7799.75,7809.75,5m
2026-08-28,ESZ6,7817.0,7793.5,7789.5,5m
2026-08-30,ESZ6,,,,5m
2026-08-31,ESZ6,7757.0,7759.25,7764.75,5m
2026-09-01,ESZ6,7711.5,7706.75,7710.75,5m
2026-09-02,ESZ6,7722.25,7747.75,7745.0,5m
2026-09-03,ESZ6,7784.0,7826.5,7824.0,5m
2026-09-04,ESZ6,7810.75,7787.5,7790.75,5m
2026-09-08,ESZ6,7762.0,7757.25,7747.75,5m
2026-09-09,ESZ6,7727.0,7717.25,7710.5,5m
2026-09-10,ESZ6,7652.75,7661.5,7664.75,5m
2026-09-11,ESZ6,7748.25,7735.5,7726.75,5m
2026-09-13,ESZ6,,,,5m
2026-09-14,ESZ6,7683.25,7702.0,7692.5,5m
2026-09-15,ESZ6,7678.25,7652.5,7656.75,5m
2026-09-16,ESZ6,7684.25,7591.75,7622.25,5m
2026-09-17,ESZ6,7693.75,7706.75,7707.25,5m
2026-09-18,ESZ6,7693.0,7706.25,7712.5,5m
2026-09-20,ESZ6,,,,5m
2026-09-21,ESZ6,7774.75,7839.25,7833.25,5m
2026-09-22,ESZ6,7835.0,7840.25,7831.0,5m
2026-09-23,ESZ6,7801.75,7771.75,7773.75,5m
2026-09-24,ESZ6,7747.75,7769.5,7765.5,5m
2026-09-25,ESZ6,7787.5,7794.75,7804.5,5m
2026-09-27,ESZ6,,,,5m
2026-09-28,ESZ6,7773.0,7751.0,7746.5,5m
2026-09-29,ESZ6,7736.25,7734.75,7732.5,5m
2026-09-30,ESZ6,7767.25,7750.5,7713.0,5m
2026-10-01,ESZ6,7711.25,7730.0,7726.25,5m
2026-10-02,ESZ6,7788.5,7775.5,7779.0,5m
