datum,strategie,richting,contracten,instap_minuut,instap,stop,doel,uitstap_minuut,uitstap,uitstapreden,bruto,kosten,netto,risico,R,mae,mfe
2026-10-05,B,long,5,15:30,7842.25,7834.25,,15:45,7834.0,stop,-206.25,6.1,-212.35,200.0,-1.06175,-212.35,0.0
2026-10-05,C,long,3,15:30,7842.25,7832.0,,15:46,7831.75,stop,-157.5,3.66,-161.16,153.75,-1.0481951219512196,-161.16,0.0
2026-10-05,E,long,3,15:30,7842.25,7832.0,,15:46,7831.75,stop,-157.5,3.66,-161.16,153.75,-1.0481951219512196,-161.16,0.0
2026-10-05,G,long,3,09:35,7789.5,7778.0,7904.5,15:59,7826.0,tijd,547.5,3.66,543.84,172.5,3.152695652173913,-127.5,870.0
2026-10-05,H,long,2,10:30,7808.25,7789.25,,15:59,7826.0,tijd,177.5,2.44,175.06,190.0,0.9213684210526316,-102.5,392.5
2026-10-06,B,long,5,15:30,7878.25,7870.25,,15:55,7872.0,tijd,-156.25,6.1,-162.35,200.0,-0.81175,-162.5,31.25
2026-10-06,C,long,3,15:30,7878.25,7867.25,,15:59,7874.25,tijd,-60.0,3.66,-63.66,165.0,-0.3858181818181818,-97.5,18.75
2026-10-06,E,long,3,15:30,7878.25,7867.25,,15:59,7874.25,tijd,-60.0,3.66,-63.66,165.0,-0.3858181818181818,-97.5,18.75
2026-10-06,G,short,5,09:35,7862.0,7869.25,7789.5,09:46,7869.5,stop,-187.5,6.1,-193.6,181.25,-1.0681379310344827,-193.6,43.75
2026-10-06,H,long,3,10:00,7879.0,7866.75,,10:30,7869.0,trailing,-150.0,3.66,-153.66,183.75,-0.8362448979591837,-153.66,135.0
2026-10-06,H,long,1,11:00,7885.5,7863.5,,12:30,7883.5,trailing,-10.0,1.22,-11.22,110.0,-0.10200000000000001,-12.5,60.0
