datum,strategie,status,reden,trades,netto,verwerkt_op
2026-10-05,A,geen,pullback_te_ver_van_vwap,0,,2026-10-05 21:46
2026-10-05,B,gevuld,,1,-212.35,2026-10-05 21:46
2026-10-05,C,gevuld,,1,-161.16,2026-10-05 21:46
2026-10-05,D,geen,te_weinig_historie,0,,2026-10-05 21:46
2026-10-05,E,gevuld,,1,-161.16,2026-10-05 21:46
2026-10-05,G,gevuld,,1,543.84,2026-10-05 21:46
2026-10-05,R,geen,te_weinig_historie,0,,2026-10-05 21:46
2026-10-05,H,gevuld,,1,175.06,2026-10-05 21:46
2026-10-06,A,geen,geen_bias,0,,2026-10-06 20:43
2026-10-06,B,gevuld,,1,-162.35,2026-10-06 20:43
2026-10-06,C,gevuld,,1,-63.66,2026-10-06 20:43
2026-10-06,D,geen,te_weinig_historie,0,,2026-10-06 20:43
2026-10-06,E,gevuld,,1,-63.66,2026-10-06 20:43
2026-10-06,G,gevuld,,1,-193.60,2026-10-06 20:43
2026-10-06,R,geen,te_weinig_historie,0,,2026-10-06 20:43
2026-10-06,H,gevuld,,2,-164.88,2026-10-06 20:43
