strategy,date,equity,cash,exposure,n_positions
S1,2026-09-30,9992.879658337091,7619.432437366584,0.23751384006614476,15
S2,2026-09-30,9989.913968589806,6627.903498525093,0.33654048279449805,15
S3,2026-09-30,10000.0,10000.0,0.0,0
B1,2026-09-30,9970.089730807578,0.0,1.0,1
B2,2026-09-30,9970.089730807575,0.0,1.0,15
S1,2026-10-01,10016.872434637808,7643.165107935475,0.23697090505956528,15
S2,2026-10-01,10020.597174402856,6627.903498525093,0.33857200492444095,15
S3,2026-10-01,10000.0,10000.0,0.0,0
B1,2026-10-01,9969.954592624528,0.0,1.0,1
B2,2026-10-01,10075.629852935563,9.568690888030671,0.999050313377159,15
S1,2026-10-02,10018.87997085615,7643.165107935475,0.23712379725392205,15
S2,2026-10-02,10030.917885902552,6627.903498525093,0.33925254160041074,15
S3,2026-10-02,10000.0,10000.0,0.0,0
S4,2026-10-02,9978.888888888887,2941.8518518518513,0.7051924433062391,15
S10,2026-10-02,9970.089730807578,0.0,1.0,1
B1,2026-10-02,10193.20287102151,0.0,1.0,1
B2,2026-10-02,10077.876452898989,9.568690888030671,0.9990505250850462,15
