client_id,strategy,date,symbol,side,qty,price,notional,cost,reason,version
v1-S1-2026-09-30-ADA/EUR-buy,S1,2026-09-30,ADA/EUR,buy,579.1579665993107,0.21562,124.87804075814337,0.3746341222744301,instap,v1
v1-S1-2026-09-30-BTC/EUR-buy,S1,2026-09-30,BTC/EUR,buy,0.0040935628981092825,73777.0,302.01078993380855,0.9060323698014257,instap,v1
v1-S1-2026-09-30-ETH/EUR-buy,S1,2026-09-30,ETH/EUR,buy,0.0923857042153425,2361.86,218.20209935804886,0.6546062980741466,instap,v1
v1-S1-2026-09-30-FET/EUR-buy,S1,2026-09-30,FET/EUR,buy,502.08537476338864,0.1983,99.56352981557997,0.29869058944673993,instap,v1
v1-S1-2026-09-30-HYPE/EUR-buy,S1,2026-09-30,HYPE/EUR,buy,2.4092402398456088,75.89,182.83724180188324,0.5485117254056497,instap,v1
v1-S1-2026-09-30-LINK/EUR-buy,S1,2026-09-30,LINK/EUR,buy,17.47121432753991,12.8821,225.06593008880188,0.6751977902664057,instap,v1
v1-S1-2026-09-30-NEAR/EUR-buy,S1,2026-09-30,NEAR/EUR,buy,35.082578369832554,4.3116,151.26204489937004,0.45378613469811013,instap,v1
v1-S1-2026-09-30-ONDO/EUR-buy,S1,2026-09-30,ONDO/EUR,buy,306.07662774612936,0.44242,135.41442164744254,0.4062432649423276,instap,v1
v1-S1-2026-09-30-PUMP/EUR-buy,S1,2026-09-30,PUMP/EUR,buy,20897.207518147647,0.0051859,108.37082846836189,0.3251124854050857,instap,v1
v1-S1-2026-09-30-SOL/EUR-buy,S1,2026-09-30,SOL/EUR,buy,1.9704815977360282,105.065,207.02864906613578,0.6210859471984074,instap,v1
v1-S1-2026-09-30-SUI/EUR-buy,S1,2026-09-30,SUI/EUR,buy,133.2731630614767,1.01589,135.39087362252357,0.4061726208675707,instap,v1
v1-S1-2026-09-30-TAO/EUR-buy,S1,2026-09-30,TAO/EUR,buy,0.5358524857951593,265.15,142.08128660858648,0.42624385982575946,instap,v1
v1-S1-2026-09-30-UNI/EUR-buy,S1,2026-09-30,UNI/EUR,buy,16.70218365445459,7.8507,131.12383321602664,0.39337149964807994,instap,v1
v1-S1-2026-09-30-USELESS/EUR-buy,S1,2026-09-30,USELESS/EUR,buy,198.0914183575242,0.211417,41.87989339489269,0.12563968018467808,instap,v1
v1-S1-2026-09-30-XRP/EUR-buy,S1,2026-09-30,XRP/EUR,buy,128.09240542912485,1.31419,168.33775829090158,0.5050132748727048,instap,v1
v1-S2-2026-09-30-ADA/EUR-buy,S2,2026-09-30,ADA/EUR,buy,1042.484339878759,0.21562,224.78047336465806,0.6743414200939742,instap,v1
v1-S2-2026-09-30-BTC/EUR-buy,S2,2026-09-30,BTC/EUR,buy,0.006140344347163924,73777.0,453.01618490071286,1.3590485547021387,instap,v1
v1-S2-2026-09-30-ETH/EUR-buy,S2,2026-09-30,ETH/EUR,buy,0.13857855632301377,2361.86,327.30314903707335,0.9819094471112201,instap,v1
v1-S2-2026-09-30-FET/EUR-buy,S2,2026-09-30,FET/EUR,buy,903.7536745740995,0.1983,179.21435366804394,0.5376430610041318,instap,v1
v1-S2-2026-09-30-HYPE/EUR-buy,S2,2026-09-30,HYPE/EUR,buy,3.097594594087211,75.89,235.07645374527843,0.7052293612358354,instap,v1
v1-S2-2026-09-30-LINK/EUR-buy,S2,2026-09-30,LINK/EUR,buy,19.6551161184824,12.8821,253.19917134990212,0.7595975140497063,instap,v1
v1-S2-2026-09-30-NEAR/EUR-buy,S2,2026-09-30,NEAR/EUR,buy,39.467900666061624,4.3116,170.16980051179132,0.5105094015353739,instap,v1
v1-S2-2026-09-30-ONDO/EUR-buy,S2,2026-09-30,ONDO/EUR,buy,393.527092816452,0.44242,174.1042564038547,0.5223127692115641,instap,v1
v1-S2-2026-09-30-PUMP/EUR-buy,S2,2026-09-30,PUMP/EUR,buy,23509.358457916107,0.0051859,121.91718202690714,0.3657515460807214,instap,v1
v1-S2-2026-09-30-SOL/EUR-buy,S2,2026-09-30,SOL/EUR,buy,2.9557223966040427,105.065,310.5429735992037,0.9316289207976112,instap,v1
v1-S2-2026-09-30-SUI/EUR-buy,S2,2026-09-30,SUI/EUR,buy,199.90974459221508,1.01589,203.08631043378537,0.6092589313013561,instap,v1
v1-S2-2026-09-30-TAO/EUR-buy,S2,2026-09-30,TAO/EUR,buy,0.803778728692739,265.15,213.12192991287975,0.6393657897386392,instap,v1
v1-S2-2026-09-30-UNI/EUR-buy,S2,2026-09-30,UNI/EUR,buy,21.474236127155898,7.8507,168.5877855634628,0.5057633566903884,instap,v1
v1-S2-2026-09-30-USELESS/EUR-buy,S2,2026-09-30,USELESS/EUR,buy,356.5645530435435,0.211417,75.38380811080684,0.22615142433242053,instap,v1
v1-S2-2026-09-30-XRP/EUR-buy,S2,2026-09-30,XRP/EUR,buy,192.13860814368726,1.31419,252.50663743635235,0.757519912309057,instap,v1
v1-B1-2026-09-30-BTC/EUR-buy,B1,2026-09-30,BTC/EUR,buy,0.1351381830490204,73777.0,9970.089730807578,29.910269192422735,instap,v1
v1-B2-2026-09-30-ADA/EUR-buy,B2,2026-09-30,ADA/EUR,buy,3082.6113009948313,0.21562,664.6726487205055,1.9940179461615166,instap,v1
v1-B2-2026-09-30-BTC/EUR-buy,B2,2026-09-30,BTC/EUR,buy,0.009009212203268032,73777.0,664.6726487205055,1.9940179461615166,instap,v1
v1-B2-2026-09-30-ETH/EUR-buy,B2,2026-09-30,ETH/EUR,buy,0.28141915639390375,2361.86,664.6726487205055,1.9940179461615166,instap,v1
v1-B2-2026-09-30-FET/EUR-buy,B2,2026-09-30,FET/EUR,buy,3351.854002624839,0.1983,664.6726487205055,1.9940179461615166,instap,v1
v1-B2-2026-09-30-HYPE/EUR-buy,B2,2026-09-30,HYPE/EUR,buy,8.758369333515688,75.89,664.6726487205055,1.9940179461615166,instap,v1
v1-B2-2026-09-30-LINK/EUR-buy,B2,2026-09-30,LINK/EUR,buy,51.59660682035581,12.8821,664.6726487205055,1.9940179461615166,instap,v1
v1-B2-2026-09-30-NEAR/EUR-buy,B2,2026-09-30,NEAR/EUR,buy,154.15916335478835,4.3116,664.6726487205055,1.9940179461615166,instap,v1
v1-B2-2026-09-30-ONDO/EUR-buy,B2,2026-09-30,ONDO/EUR,buy,1502.3566943639655,0.44242,664.6726487205055,1.9940179461615166,instap,v1
v1-B2-2026-09-30-PUMP/EUR-buy,B2,2026-09-30,PUMP/EUR,buy,128169.19892795957,0.0051859,664.6726487205055,1.9940179461615166,instap,v1
v1-B2-2026-09-30-SOL/EUR-buy,B2,2026-09-30,SOL/EUR,buy,6.326299421505787,105.065,664.6726487205055,1.9940179461615166,instap,v1
v1-B2-2026-09-30-SUI/EUR-buy,B2,2026-09-30,SUI/EUR,buy,654.2761999040305,1.01589,664.6726487205055,1.9940179461615166,instap,v1
v1-B2-2026-09-30-TAO/EUR-buy,B2,2026-09-30,TAO/EUR,buy,2.5067797424872924,265.15,664.6726487205055,1.9940179461615166,instap,v1
v1-B2-2026-09-30-UNI/EUR-buy,B2,2026-09-30,UNI/EUR,buy,84.66412532901596,7.8507,664.6726487205055,1.9940179461615166,instap,v1
v1-B2-2026-09-30-USELESS/EUR-buy,B2,2026-09-30,USELESS/EUR,buy,3143.894051663327,0.211417,664.6726487205055,1.9940179461615166,instap,v1
v1-B2-2026-09-30-XRP/EUR-buy,B2,2026-09-30,XRP/EUR,buy,505.76602220417067,1.31419,664.6726487204991,1.9940179461614973,instap,v1
