datum,contract,ochtend,signaal,slot,bron
2026-08-06,GCZ6,4314.600098,4299.399902,4300.5,5m
2026-08-07,GCZ6,4429.100098,4389.5,4398.899902,5m
2026-08-09,GCZ6,,,,5m
2026-08-10,GCZ6,4390.5,4416.299805,4420.5,5m
2026-08-11,GCZ6,4455.899902,4443.100098,4440.799805,5m
2026-08-12,GCZ6,4481.299805,4461.700195,4466.700195,5m
2026-08-13,GCZ6,4451.399902,4424.200195,4420.0,5m
2026-08-14,GCZ6,4431.700195,4442.700195,4436.899902,5m
2026-08-16,GCZ6,,,,5m
2026-08-17,GCZ6,4434.5,4481.5,4474.0,5m
2026-08-18,GCZ6,4452.5,4419.0,4420.799805,5m
2026-08-19,GCZ6,4474.399902,4551.0,4545.799805,5m
2026-08-20,GCZ6,4526.299805,4566.700195,4569.600098,5m
2026-08-21,GCZ6,4636.299805,4686.600098,4680.100098,5m
2026-08-23,GCZ6,,,,5m
2026-08-24,GCZ6,4719.700195,4701.899902,4695.0,5m
2026-08-25,GCZ6,4695.700195,4700.799805,4694.200195,5m
2026-08-26,GCZ6,4679.200195,4647.100098,4653.399902,5m
2026-08-27,GCZ6,4637.0,4669.299805,4664.299805,5m
2026-08-28,GCZ6,4646.399902,4529.899902,4528.399902,5m
2026-08-30,GCZ6,,,,5m
2026-08-31,GCZ6,4489.100098,4482.600098,4479.799805,5m
2026-09-01,GCZ6,4413.100098,4399.600098,4398.5,5m
2026-09-02,GCZ6,4386.0,4415.100098,4416.600098,5m
2026-09-03,GCZ6,4527.200195,4533.700195,4540.399902,5m
2026-09-04,GCZ6,4444.0,4483.600098,4476.0,5m
2026-09-08,GCZ6,4446.700195,4438.299805,4438.899902,5m
2026-09-09,GCZ6,4441.5,4454.399902,4459.799805,5m
2026-09-10,GCZ6,4391.299805,4406.399902,4408.0,5m
2026-09-11,GCZ6,4403.5,4403.799805,4409.100098,5m
2026-09-13,GCZ6,,,,5m
2026-09-14,GCZ6,4318.399902,4356.5,4352.299805,5m
2026-09-15,GCZ6,4330.399902,4335.600098,4333.700195,5m
2026-09-16,GCZ6,4387.200195,4388.5,4388.200195,5m
2026-09-17,GCZ6,4406.899902,4401.899902,4400.200195,5m
2026-09-18,GCZ6,4407.600098,4421.100098,4425.299805,5m
2026-09-20,GCZ6,,,,5m
2026-09-21,GCZ6,4395.399902,4381.399902,4384.399902,5m
2026-09-22,GCZ6,4370.399902,4374.100098,4377.200195,5m
2026-09-23,GCZ6,4340.600098,4321.100098,4318.600098,5m
2026-09-24,GCZ6,4309.0,4308.700195,4298.5,5m
2026-09-25,GCZ6,4337.5,4321.5,4321.299805,5m
2026-09-27,GCZ6,,,,5m
2026-09-28,GCZ6,4178.5,4162.399902,4168.399902,5m
2026-09-29,GCZ6,4186.899902,4177.799805,4180.700195,5m
2026-09-30,GCZ6,4242.299805,4189.100098,4186.899902,5m
2026-10-01,GCZ6,4214.299805,4192.200195,4203.100098,5m
2026-10-02,GCZ6,4241.600098,4168.200195,4162.600098,5m
2026-10-05,GCZ6,4184.5,4158.299805,4157.399902,1m
2026-10-06,GCZ6,4195.0,4184.299805,4188.299805,1m
2026-10-07,GCZ6,4099.200195,4135.100098,4140.200195,1m
