symbol,in,out,ret
SOL/EUR,2021-08-07T04:00:00,2021-08-08T16:00:00,-0.06822241509678073
BTC/EUR,2021-08-05T20:00:00,2021-08-12T12:00:00,0.09653842846524796
ETH/EUR,2021-08-04T16:00:00,2021-08-12T12:00:00,0.1519991408643553
SOL/EUR,2021-08-10T08:00:00,2021-08-12T16:00:00,-0.0158395762355934
ETH/EUR,2021-08-14T00:00:00,2021-08-15T08:00:00,-0.058380889814801384
BTC/EUR,2021-08-14T00:00:00,2021-08-15T08:00:00,-0.05233756013754476
SOL/EUR,2021-08-13T08:00:00,2021-08-21T20:00:00,0.6767267041022396
BTC/EUR,2021-08-20T00:00:00,2021-08-24T00:00:00,0.041625049701789374
ETH/EUR,2021-08-20T16:00:00,2021-08-24T16:00:00,-0.03784136685021
ETH/EUR,2021-08-28T00:00:00,2021-08-29T04:00:00,-0.04002778312822031
ETH/EUR,2021-08-30T20:00:00,2021-08-31T00:00:00,-0.043739752606779425
SOL/EUR,2021-08-27T04:00:00,2021-09-01T00:00:00,0.30485244154668556
ETH/EUR,2021-08-31T08:00:00,2021-09-07T08:00:00,0.13903613076287158
BTC/EUR,2021-09-02T04:00:00,2021-09-07T12:00:00,0.01301144369587437
SOL/EUR,2021-09-02T20:00:00,2021-09-08T08:00:00,0.18598113439077912
SOL/EUR,2021-09-08T20:00:00,2021-09-10T16:00:00,-0.08683140293948866
ETH/EUR,2021-09-15T16:00:00,2021-09-17T12:00:00,-0.02463363591652923
BTC/EUR,2021-09-14T16:00:00,2021-09-19T04:00:00,0.019940818675822092
SOL/EUR,2021-09-18T16:00:00,2021-09-20T00:00:00,-0.07657391371171685
BTC/EUR,2021-09-23T20:00:00,2021-09-24T12:00:00,-0.08029731362995363
SOL/EUR,2021-09-27T12:00:00,2021-09-28T00:00:00,-0.0886033477781254
SOL/EUR,2021-10-01T08:00:00,2021-10-05T16:00:00,0.12107966513263402
ETH/EUR,2021-10-01T08:00:00,2021-10-06T12:00:00,0.0833456769853651
ETH/EUR,2021-10-06T16:00:00,2021-10-10T00:00:00,-0.02385539478294174
BTC/EUR,2021-09-30T20:00:00,2021-10-12T20:00:00,0.25981357377449
ETH/EUR,2021-10-14T00:00:00,2021-10-17T20:00:00,0.03184447724470929
SOL/EUR,2021-10-15T08:00:00,2021-10-18T16:00:00,-0.039200799813399856
BTC/EUR,2021-10-14T04:00:00,2021-10-21T16:00:00,0.0669048629079918
ETH/EUR,2021-10-20T16:00:00,2021-10-22T16:00:00,-0.038634592445328075
SOL/EUR,2021-10-20T16:00:00,2021-10-24T12:00:00,0.10854480957392898
BTC/EUR,2021-10-25T16:00:00,2021-10-27T00:00:00,-0.06138339207315813
SOL/EUR,2021-10-25T08:00:00,2021-10-27T00:00:00,-0.044230662679003774
ETH/EUR,2021-10-25T16:00:00,2021-10-27T12:00:00,-0.06142189702387757
BTC/EUR,2021-10-29T20:00:00,2021-10-31T16:00:00,-0.0416166728892049
ETH/EUR,2021-10-28T20:00:00,2021-10-31T20:00:00,-0.0014167415239310088
BTC/EUR,2021-11-02T12:00:00,2021-11-04T08:00:00,-0.025156406340580473
ETH/EUR,2021-11-02T12:00:00,2021-11-05T20:00:00,0.011765958638012108
SOL/EUR,2021-11-01T00:00:00,2021-11-08T08:00:00,0.20024385560284097
ETH/EUR,2021-11-07T12:00:00,2021-11-11T00:00:00,0.002622483834428202
BTC/EUR,2021-11-08T00:00:00,2021-11-11T04:00:00,0.01819570382582536
BTC/EUR,2021-11-15T00:00:00,2021-11-16T00:00:00,-0.03363101760981413
SOL/EUR,2021-11-15T04:00:00,2021-11-16T04:00:00,-0.0738568588469184
ETH/EUR,2021-11-19T20:00:00,2021-11-22T04:00:00,-0.041637661904422085
SOL/EUR,2021-11-21T20:00:00,2021-11-22T20:00:00,-0.07704071081783537
BTC/EUR,2021-11-25T16:00:00,2021-11-26T08:00:00,-0.049405327079150574
ETH/EUR,2021-11-25T12:00:00,2021-11-26T12:00:00,-0.10681340477443113
BTC/EUR,2021-11-29T20:00:00,2021-12-02T04:00:00,-0.04175221300333232
ETH/EUR,2021-11-29T20:00:00,2021-12-02T12:00:00,0.014663738166787565
SOL/EUR,2021-11-29T16:00:00,2021-12-03T20:00:00,0.012483003589261354
BTC/EUR,2021-12-07T16:00:00,2021-12-08T12:00:00,-0.06334314225746973
ETH/EUR,2021-12-07T08:00:00,2021-12-09T16:00:00,-0.046541505440083064
BTC/EUR,2021-12-12T20:00:00,2021-12-13T16:00:00,-0.06681511435764942
BTC/EUR,2021-12-16T12:00:00,2021-12-16T20:00:00,-0.042386415452240755
ETH/EUR,2021-12-16T12:00:00,2021-12-17T08:00:00,-0.059022557967761013
SOL/EUR,2021-12-15T20:00:00,2021-12-19T20:00:00,0.017343532149433294
ETH/EUR,2021-12-21T04:00:00,2021-12-23T08:00:00,-0.040846377776524556
ETH/EUR,2021-12-23T20:00:00,2021-12-27T08:00:00,-0.030662210091960795
SOL/EUR,2021-12-23T20:00:00,2021-12-28T00:00:00,0.009888340589270905
BTC/EUR,2021-12-21T08:00:00,2021-12-28T04:00:00,0.008876216191568309
SOL/EUR,2022-01-01T20:00:00,2022-01-03T04:00:00,-0.0379353084184616
ETH/EUR,2022-01-02T20:00:00,2022-01-05T20:00:00,-0.0448159291880853
BTC/EUR,2022-01-11T20:00:00,2022-01-13T20:00:00,-0.027213399206671318
ETH/EUR,2022-01-11T20:00:00,2022-01-14T12:00:00,-0.03053207001809488
SOL/EUR,2022-01-12T16:00:00,2022-01-14T12:00:00,-0.04299170218915149
SOL/EUR,2022-01-20T16:00:00,2022-01-21T00:00:00,-0.11523109283424382
BTC/EUR,2022-01-20T16:00:00,2022-01-21T00:00:00,-0.06940663529881796
ETH/EUR,2022-01-20T16:00:00,2022-01-21T00:00:00,-0.08765917477857321
ETH/EUR,2022-01-26T12:00:00,2022-01-27T04:00:00,-0.07992681746879049
BTC/EUR,2022-01-25T16:00:00,2022-01-28T12:00:00,-0.0026156129201504452
BTC/EUR,2022-01-29T00:00:00,2022-01-31T04:00:00,-0.031210863014173862
ETH/EUR,2022-01-29T20:00:00,2022-02-02T16:00:00,0.0004166320611387331
SOL/EUR,2022-01-31T20:00:00,2022-02-03T04:00:00,-0.02977081784528668
SOL/EUR,2022-02-05T04:00:00,2022-02-08T12:00:00,-0.00696125278252524
ETH/EUR,2022-02-04T16:00:00,2022-02-08T16:00:00,0.061921063261862974
BTC/EUR,2022-02-04T16:00:00,2022-02-08T20:00:00,0.07963286944996684
ETH/EUR,2022-02-09T20:00:00,2022-02-10T20:00:00,-0.05300829563596254
BTC/EUR,2022-02-15T04:00:00,2022-02-17T12:00:00,-0.02494186717595459
SOL/EUR,2022-02-15T04:00:00,2022-02-17T12:00:00,-0.03896466624225059
ETH/EUR,2022-02-15T04:00:00,2022-02-17T16:00:00,-0.03052881307753519
SOL/EUR,2022-02-21T08:00:00,2022-02-21T12:00:00,-0.07633311359321271
SOL/EUR,2022-02-24T20:00:00,2022-02-27T20:00:00,-0.08194264879186697
ETH/EUR,2022-02-25T16:00:00,2022-02-27T20:00:00,-0.05707699888767326
BTC/EUR,2022-02-25T04:00:00,2022-02-28T04:00:00,-0.03389379506071821
SOL/EUR,2022-02-28T16:00:00,2022-03-03T20:00:00,-0.003605309565105075
ETH/EUR,2022-03-01T00:00:00,2022-03-04T00:00:00,-0.02967345014681111
BTC/EUR,2022-02-28T16:00:00,2022-03-04T04:00:00,0.01986776748069108
BTC/EUR,2022-03-09T04:00:00,2022-03-10T08:00:00,-0.07255177247789069
ETH/EUR,2022-03-09T04:00:00,2022-03-10T08:00:00,-0.06301012134712225
BTC/EUR,2022-03-15T00:00:00,2022-03-15T04:00:00,-0.037662725536695585
BTC/EUR,2022-03-16T12:00:00,2022-03-20T16:00:00,0.0017482295803143977
ETH/EUR,2022-03-15T20:00:00,2022-03-20T16:00:00,0.05047523327692671
SOL/EUR,2022-03-15T20:00:00,2022-03-20T16:00:00,0.029426104208974735
BTC/EUR,2022-03-22T04:00:00,2022-03-31T00:00:00,0.08654918164161107
ETH/EUR,2022-03-22T04:00:00,2022-03-31T08:00:00,0.10265678655340693
SOL/EUR,2022-03-23T16:00:00,2022-04-04T16:00:00,0.3379520531444584
BTC/EUR,2022-04-05T00:00:00,2022-04-05T16:00:00,-0.022950500384326777
ETH/EUR,2022-04-01T20:00:00,2022-04-06T00:00:00,-0.0167737682933099
ETH/EUR,2022-04-19T16:00:00,2022-04-21T20:00:00,-0.04318155162253012
BTC/EUR,2022-04-18T20:00:00,2022-04-22T00:00:00,-0.022323394801848306
SOL/EUR,2022-04-19T16:00:00,2022-04-22T00:00:00,-0.059969347332835876
BTC/EUR,2022-04-25T20:00:00,2022-04-26T16:00:00,-0.04909751331741208
ETH/EUR,2022-04-25T20:00:00,2022-04-26T16:00:00,-0.056605898070610894
SOL/EUR,2022-04-28T12:00:00,2022-04-29T04:00:00,-0.04048517130779683
BTC/EUR,2022-04-28T20:00:00,2022-04-29T12:00:00,-0.0449844623619875
ETH/EUR,2022-05-03T00:00:00,2022-05-03T20:00:00,-0.04270234449160881
BTC/EUR,2022-05-04T12:00:00,2022-05-05T16:00:00,-0.06193340107805223
ETH/EUR,2022-05-04T12:00:00,2022-05-05T16:00:00,-0.053413872838865006
SOL/EUR,2022-05-04T20:00:00,2022-05-05T16:00:00,-0.07573364144089678
BTC/EUR,2022-05-16T00:00:00,2022-05-16T08:00:00,-0.06782233026025875
ETH/EUR,2022-05-16T00:00:00,2022-05-16T08:00:00,-0.07432689597488062
SOL/EUR,2022-05-15T12:00:00,2022-05-18T12:00:00,-0.014801565714754883
ETH/EUR,2022-05-23T08:00:00,2022-05-23T20:00:00,-0.06132693102509179
SOL/EUR,2022-05-23T08:00:00,2022-05-23T20:00:00,-0.08260703011187442
SOL/EUR,2022-05-30T04:00:00,2022-06-01T04:00:00,-0.033476170919483295
BTC/EUR,2022-05-30T00:00:00,2022-06-01T20:00:00,0.01817901455532711
ETH/EUR,2022-05-30T04:00:00,2022-06-01T20:00:00,-0.03267222362296662
BTC/EUR,2022-06-06T04:00:00,2022-06-07T04:00:00,-0.06027277784639051
ETH/EUR,2022-06-06T04:00:00,2022-06-07T04:00:00,-0.07039587414055493
SOL/EUR,2022-06-06T04:00:00,2022-06-07T04:00:00,-0.05911369115351317
SOL/EUR,2022-06-16T00:00:00,2022-06-16T20:00:00,-0.13226513342470203
BTC/EUR,2022-06-21T08:00:00,2022-06-22T20:00:00,-0.05866154424802528
ETH/EUR,2022-06-20T00:00:00,2022-06-22T20:00:00,-0.06846057342797796
SOL/EUR,2022-06-19T16:00:00,2022-06-22T20:00:00,0.010284489177840639
BTC/EUR,2022-06-25T04:00:00,2022-06-27T00:00:00,-0.02588285943407942
SOL/EUR,2022-06-24T00:00:00,2022-06-27T00:00:00,0.01758458120883155
ETH/EUR,2022-06-24T12:00:00,2022-06-27T16:00:00,-0.025934374384087966
ETH/EUR,2022-07-03T20:00:00,2022-07-04T08:00:00,-0.03812657247919504
SOL/EUR,2022-07-04T12:00:00,2022-07-05T12:00:00,-0.010996541666366766
ETH/EUR,2022-07-04T12:00:00,2022-07-10T04:00:00,0.09701207260760136
SOL/EUR,2022-07-06T20:00:00,2022-07-10T04:00:00,0.018913207294854573
BTC/EUR,2022-07-04T12:00:00,2022-07-10T12:00:00,0.09127410095639177
BTC/EUR,2022-07-14T20:00:00,2022-07-18T00:00:00,-0.010437617650468356
BTC/EUR,2022-07-18T08:00:00,2022-07-18T20:00:00,-0.039027914382912754
SOL/EUR,2022-07-14T20:00:00,2022-07-21T00:00:00,0.12838587171863924
BTC/EUR,2022-07-19T16:00:00,2022-07-21T12:00:00,-0.02873326081248373
ETH/EUR,2022-07-14T16:00:00,2022-07-21T12:00:00,0.2697696895549777
ETH/EUR,2022-07-22T08:00:00,2022-07-22T20:00:00,-0.06530391941475333
BTC/EUR,2022-07-28T00:00:00,2022-07-31T20:00:00,0.02643261661022045
ETH/EUR,2022-07-28T00:00:00,2022-08-01T00:00:00,0.013321467356419925
SOL/EUR,2022-07-28T12:00:00,2022-08-01T00:00:00,0.024610122484323593
BTC/EUR,2022-08-08T04:00:00,2022-08-09T12:00:00,-0.01710677542814043
ETH/EUR,2022-08-05T12:00:00,2022-08-09T12:00:00,-0.015410256017499346
SOL/EUR,2022-08-08T04:00:00,2022-08-09T12:00:00,-0.0440296757459846
BTC/EUR,2022-08-11T12:00:00,2022-08-12T12:00:00,-0.04310141503524656
ETH/EUR,2022-08-10T16:00:00,2022-08-14T20:00:00,0.04793280034033276
SOL/EUR,2022-08-11T04:00:00,2022-08-15T00:00:00,0.014528878686892899
BTC/EUR,2022-08-13T04:00:00,2022-08-15T08:00:00,-0.03860542076951512
BTC/EUR,2022-08-23T12:00:00,2022-08-25T00:00:00,-0.019473054771468323
SOL/EUR,2022-08-25T12:00:00,2022-08-26T00:00:00,-0.040173775012490975
BTC/EUR,2022-08-25T12:00:00,2022-08-26T08:00:00,-0.024138051017702833
ETH/EUR,2022-08-23T16:00:00,2022-08-26T12:00:00,-0.02075746844082904
SOL/EUR,2022-08-30T08:00:00,2022-08-30T16:00:00,-0.05666204803747632
ETH/EUR,2022-08-30T08:00:00,2022-09-02T20:00:00,-0.02110266646708936
SOL/EUR,2022-09-05T00:00:00,2022-09-05T12:00:00,-0.03987548703343147
ETH/EUR,2022-09-06T04:00:00,2022-09-06T20:00:00,-0.04748392181592709
SOL/EUR,2022-09-06T04:00:00,2022-09-06T20:00:00,-0.06074394154929541
ETH/EUR,2022-09-09T08:00:00,2022-09-12T16:00:00,-0.014210755368287864
BTC/EUR,2022-09-09T08:00:00,2022-09-13T16:00:00,0.006567348493933922
SOL/EUR,2022-09-09T04:00:00,2022-09-13T16:00:00,-0.007199854414899232
BTC/EUR,2022-09-22T12:00:00,2022-09-23T16:00:00,-0.0241374762091926
SOL/EUR,2022-09-22T12:00:00,2022-09-25T20:00:00,0.017187404582742705
BTC/EUR,2022-09-24T00:00:00,2022-09-25T20:00:00,-0.03006502098797703
ETH/EUR,2022-09-24T16:00:00,2022-09-26T00:00:00,-0.04408058841973106
BTC/EUR,2022-09-26T20:00:00,2022-09-27T20:00:00,-0.01628400214352821
ETH/EUR,2022-09-27T00:00:00,2022-09-27T20:00:00,-0.01832969931633921
SOL/EUR,2022-09-27T04:00:00,2022-09-27T20:00:00,-0.06799816825024063
SOL/EUR,2022-10-04T08:00:00,2022-10-07T12:00:00,-0.016114684032318305
ETH/EUR,2022-10-04T08:00:00,2022-10-07T16:00:00,-0.014674276994170787
BTC/EUR,2022-10-04T08:00:00,2022-10-07T16:00:00,-0.021510440597226066
BTC/EUR,2022-10-14T04:00:00,2022-10-14T20:00:00,-0.038083121597345615
ETH/EUR,2022-10-14T04:00:00,2022-10-15T20:00:00,-0.03921719352466724
ETH/EUR,2022-10-18T00:00:00,2022-10-18T16:00:00,-0.030253090589021037
SOL/EUR,2022-10-18T00:00:00,2022-10-18T16:00:00,-0.03826369139423558
BTC/EUR,2022-10-23T20:00:00,2022-10-24T16:00:00,-0.022919214413187117
BTC/EUR,2022-10-25T20:00:00,2022-10-31T20:00:00,0.0026213563240111704
ETH/EUR,2022-10-22T16:00:00,2022-11-01T00:00:00,0.17672626518310475
SOL/EUR,2022-10-25T16:00:00,2022-11-01T04:00:00,0.09217510697904352
SOL/EUR,2022-11-04T16:00:00,2022-11-06T20:00:00,0.01580017801142941
BTC/EUR,2022-11-04T04:00:00,2022-11-07T00:00:00,0.0010925214392749627
ETH/EUR,2022-11-04T08:00:00,2022-11-07T00:00:00,-0.0386988414341537
BTC/EUR,2022-11-15T16:00:00,2022-11-16T16:00:00,-0.046356010279784754
ETH/EUR,2022-11-20T00:00:00,2022-11-20T12:00:00,-0.05269267248799214
SOL/EUR,2022-11-23T08:00:00,2022-11-27T04:00:00,0.0701186775726057
ETH/EUR,2022-11-24T04:00:00,2022-11-28T00:00:00,-0.01149883308842592
BTC/EUR,2022-11-30T00:00:00,2022-12-02T04:00:00,-0.002993904703646355
ETH/EUR,2022-11-29T20:00:00,2022-12-03T12:00:00,0.01192707733873899
BTC/EUR,2022-12-05T04:00:00,2022-12-05T16:00:00,-0.014357765143113932
ETH/EUR,2022-12-05T08:00:00,2022-12-05T16:00:00,-0.034226010121590544
SOL/EUR,2022-12-05T04:00:00,2022-12-07T08:00:00,-0.021330039100102893
ETH/EUR,2022-12-09T12:00:00,2022-12-12T00:00:00,-0.029079921518950114
BTC/EUR,2022-12-09T12:00:00,2022-12-12T04:00:00,-0.02625970006156464
ETH/EUR,2022-12-13T12:00:00,2022-12-15T04:00:00,-0.01905433486607
BTC/EUR,2022-12-13T12:00:00,2022-12-15T16:00:00,-0.022620293232744726
SOL/EUR,2022-12-14T00:00:00,2022-12-16T12:00:00,-0.04656311328417073
ETH/EUR,2022-12-20T08:00:00,2022-12-22T16:00:00,-0.02807792961038691
BTC/EUR,2022-12-20T16:00:00,2022-12-24T00:00:00,-0.019328084357292385
BTC/EUR,2022-12-26T04:00:00,2022-12-26T08:00:00,-0.016025220707417853
ETH/EUR,2022-12-23T00:00:00,2022-12-26T16:00:00,-0.01726377495348408
ETH/EUR,2022-12-27T00:00:00,2022-12-27T12:00:00,-0.02303996092648275
SOL/EUR,2023-01-02T08:00:00,2023-01-07T00:00:00,0.20528761240523008
BTC/EUR,2023-01-02T08:00:00,2023-01-07T12:00:00,0.0028339730484416847
ETH/EUR,2023-01-02T08:00:00,2023-01-07T12:00:00,0.03326095594217571
ETH/EUR,2023-01-08T16:00:00,2023-01-08T20:00:00,-0.018048055823079556
BTC/EUR,2023-01-09T00:00:00,2023-01-10T08:00:00,-0.013957576341688371
SOL/EUR,2023-01-08T16:00:00,2023-01-12T12:00:00,0.1305024475319163
SOL/EUR,2023-01-13T04:00:00,2023-01-18T00:00:00,0.35912035749872384
ETH/EUR,2023-01-09T00:00:00,2023-01-18T16:00:00,0.1689308821067479
BTC/EUR,2023-01-10T20:00:00,2023-01-18T20:00:00,0.1769622383908589
ETH/EUR,2023-01-20T20:00:00,2023-01-24T08:00:00,0.004610854795326524
SOL/EUR,2023-01-21T00:00:00,2023-01-24T08:00:00,-0.04196189618481305
BTC/EUR,2023-01-20T20:00:00,2023-01-24T12:00:00,0.05324713667047454
BTC/EUR,2023-01-27T20:00:00,2023-01-30T12:00:00,-0.021633982995706513
ETH/EUR,2023-01-29T16:00:00,2023-01-30T12:00:00,-0.033524165315715115
SOL/EUR,2023-01-29T16:00:00,2023-01-30T12:00:00,-0.04059781851336497
BTC/EUR,2023-02-02T16:00:00,2023-02-05T12:00:00,-0.018956933023246414
ETH/EUR,2023-02-02T12:00:00,2023-02-05T16:00:00,-0.008612316624077465
ETH/EUR,2023-02-08T04:00:00,2023-02-09T04:00:00,-0.04711292404122758
BTC/EUR,2023-02-14T20:00:00,2023-02-20T00:00:00,0.08469596209180863
ETH/EUR,2023-02-14T20:00:00,2023-02-20T00:00:00,0.06835281090431877
BTC/EUR,2023-02-20T12:00:00,2023-02-21T12:00:00,-0.021432789444464362
ETH/EUR,2023-02-20T12:00:00,2023-02-21T12:00:00,-0.03510465590735068
SOL/EUR,2023-02-15T16:00:00,2023-02-22T04:00:00,0.07897791736018922
ETH/EUR,2023-03-02T00:00:00,2023-03-02T16:00:00,-0.02763824795807801
BTC/EUR,2023-03-06T16:00:00,2023-03-06T20:00:00,-0.018240940048977805
ETH/EUR,2023-03-08T00:00:00,2023-03-08T08:00:00,-0.017806626976916262
SOL/EUR,2023-03-13T00:00:00,2023-03-15T16:00:00,-0.04931745813906907
ETH/EUR,2023-03-13T00:00:00,2023-03-16T08:00:00,0.0388220659215357
ETH/EUR,2023-03-17T12:00:00,2023-03-20T16:00:00,-0.017583737243966002
BTC/EUR,2023-03-13T00:00:00,2023-03-21T08:00:00,0.23125537669010376
SOL/EUR,2023-03-18T04:00:00,2023-03-21T08:00:00,-0.04620998236173768
ETH/EUR,2023-03-23T16:00:00,2023-03-24T12:00:00,-0.04510011398245606
SOL/EUR,2023-03-29T08:00:00,2023-03-30T16:00:00,-0.0515521158761717
BTC/EUR,2023-03-29T12:00:00,2023-03-30T20:00:00,-0.026249954546275767
SOL/EUR,2023-04-02T08:00:00,2023-04-02T16:00:00,-0.04124206169631839
ETH/EUR,2023-03-29T08:00:00,2023-04-02T20:00:00,-0.02320981866746752
ETH/EUR,2023-04-04T12:00:00,2023-04-07T08:00:00,-0.018806896540495055
ETH/EUR,2023-04-10T20:00:00,2023-04-12T04:00:00,-0.031117592308708253
SOL/EUR,2023-04-10T20:00:00,2023-04-15T20:00:00,0.13497648470410994
BTC/EUR,2023-04-10T00:00:00,2023-04-16T12:00:00,0.047366521156552155
ETH/EUR,2023-04-13T12:00:00,2023-04-17T12:00:00,0.036588053148632005
SOL/EUR,2023-04-17T00:00:00,2023-04-17T16:00:00,-0.03654246430265129
BTC/EUR,2023-04-19T00:00:00,2023-04-19T12:00:00,-0.041424169116131004
BTC/EUR,2023-04-26T00:00:00,2023-04-26T20:00:00,-0.030937175797129512
ETH/EUR,2023-04-26T12:00:00,2023-04-26T20:00:00,-0.05618235639837521
SOL/EUR,2023-04-26T12:00:00,2023-04-26T20:00:00,-0.07158906704451207
SOL/EUR,2023-04-28T20:00:00,2023-05-01T00:00:00,-0.03505241540215487
BTC/EUR,2023-04-30T16:00:00,2023-05-01T00:00:00,-0.025042473244405672
BTC/EUR,2023-05-04T12:00:00,2023-05-06T16:00:00,-0.02468258029650494
ETH/EUR,2023-05-05T12:00:00,2023-05-06T16:00:00,-0.02719086060008835
SOL/EUR,2023-05-05T20:00:00,2023-05-06T16:00:00,-0.058164014181806833
SOL/EUR,2023-05-13T00:00:00,2023-05-16T04:00:00,-0.01725799963973229
BTC/EUR,2023-05-15T04:00:00,2023-05-16T12:00:00,-0.021067027907503033
ETH/EUR,2023-05-14T16:00:00,2023-05-17T12:00:00,-0.027417660100077623
BTC/EUR,2023-05-17T20:00:00,2023-05-18T20:00:00,-0.029489452864415178
ETH/EUR,2023-05-17T20:00:00,2023-05-18T20:00:00,-0.024928600624075092
BTC/EUR,2023-05-23T04:00:00,2023-05-24T04:00:00,-0.030075727010870912
ETH/EUR,2023-05-23T04:00:00,2023-05-24T04:00:00,-0.031860543884107084
SOL/EUR,2023-05-27T16:00:00,2023-05-31T08:00:00,0.04752109236487723
BTC/EUR,2023-05-28T00:00:00,2023-05-31T08:00:00,0.004609819610678523
ETH/EUR,2023-05-28T04:00:00,2023-05-31T12:00:00,0.0010732659287449042
BTC/EUR,2023-06-03T16:00:00,2023-06-05T04:00:00,-0.028005657488123448
SOL/EUR,2023-06-02T20:00:00,2023-06-05T16:00:00,-0.07347798578064035
SOL/EUR,2023-06-17T08:00:00,2023-06-23T12:00:00,0.040876058294986084
SOL/EUR,2023-06-24T04:00:00,2023-06-24T16:00:00,-0.05469940707074983
ETH/EUR,2023-06-20T20:00:00,2023-06-25T00:00:00,0.04039689863756135
BTC/EUR,2023-06-17T08:00:00,2023-06-25T20:00:00,0.13572286683440637
BTC/EUR,2023-06-29T20:00:00,2023-06-30T16:00:00,-0.03215191121764904
ETH/EUR,2023-06-30T08:00:00,2023-06-30T16:00:00,-0.03412461124045407
BTC/EUR,2023-07-03T20:00:00,2023-07-04T20:00:00,-0.024781168225280092
ETH/EUR,2023-06-30T20:00:00,2023-07-04T20:00:00,-0.004651673012007085
SOL/EUR,2023-06-29T12:00:00,2023-07-05T12:00:00,0.026812441740913906
SOL/EUR,2023-07-06T12:00:00,2023-07-07T00:00:00,-0.0256223273887215
SOL/EUR,2023-07-07T16:00:00,2023-07-10T08:00:00,-0.03255367043373725
BTC/EUR,2023-07-10T20:00:00,2023-07-11T00:00:00,-0.02601857659745621
ETH/EUR,2023-07-10T20:00:00,2023-07-11T04:00:00,-0.02444941507073739
SOL/EUR,2023-07-11T08:00:00,2023-07-13T04:00:00,-0.045208252969743956
BTC/EUR,2023-07-13T20:00:00,2023-07-14T20:00:00,-0.05702582120405375
ETH/EUR,2023-07-13T20:00:00,2023-07-14T20:00:00,-0.05225108036435677
SOL/EUR,2023-07-13T16:00:00,2023-07-17T12:00:00,0.11442921516563143
BTC/EUR,2023-07-24T00:00:00,2023-07-24T04:00:00,-0.024409333472847128
SOL/EUR,2023-07-26T16:00:00,2023-07-30T16:00:00,-0.007581494104298314
BTC/EUR,2023-07-29T04:00:00,2023-07-30T20:00:00,-0.01760423007291345
ETH/EUR,2023-07-27T16:00:00,2023-07-30T20:00:00,-0.017805305262822535
BTC/EUR,2023-07-31T04:00:00,2023-07-31T16:00:00,-0.01777434996834193
BTC/EUR,2023-08-02T00:00:00,2023-08-03T08:00:00,-0.024989714898385862
SOL/EUR,2023-08-07T04:00:00,2023-08-07T16:00:00,-0.0392245131402742
BTC/EUR,2023-08-08T04:00:00,2023-08-11T04:00:00,-0.0048159823751393604
ETH/EUR,2023-08-08T12:00:00,2023-08-11T20:00:00,-0.008924993370329815
SOL/EUR,2023-08-08T12:00:00,2023-08-12T04:00:00,0.033386177658550675
ETH/EUR,2023-08-13T20:00:00,2023-08-14T00:00:00,-0.022234184755931197
SOL/EUR,2023-08-13T00:00:00,2023-08-14T00:00:00,-0.038263098542928975
BTC/EUR,2023-08-14T16:00:00,2023-08-14T20:00:00,-0.01791784866480306
SOL/EUR,2023-08-15T00:00:00,2023-08-15T20:00:00,-0.057590383480536134
ETH/EUR,2023-08-23T20:00:00,2023-08-24T16:00:00,-0.03464491259552427
BTC/EUR,2023-08-23T20:00:00,2023-08-24T16:00:00,-0.03307980861011317
SOL/EUR,2023-08-24T12:00:00,2023-08-25T04:00:00,-0.053717448224868236
SOL/EUR,2023-08-29T16:00:00,2023-08-30T16:00:00,-0.04170840955691346
ETH/EUR,2023-08-29T16:00:00,2023-08-31T04:00:00,-0.028675405195943027
BTC/EUR,2023-08-29T16:00:00,2023-08-31T20:00:00,-0.05741629954492322
SOL/EUR,2023-09-05T16:00:00,2023-09-06T08:00:00,-0.0445593163777116
ETH/EUR,2023-09-05T12:00:00,2023-09-08T12:00:00,-0.014525200962425266
BTC/EUR,2023-09-07T20:00:00,2023-09-08T12:00:00,-0.013440429428063672
ETH/EUR,2023-09-14T08:00:00,2023-09-17T20:00:00,-0.003623108789187146
SOL/EUR,2023-09-14T00:00:00,2023-09-17T20:00:00,0.019790995232443542
BTC/EUR,2023-09-12T12:00:00,2023-09-19T00:00:00,0.016449499240892784
ETH/EUR,2023-09-18T12:00:00,2023-09-19T00:00:00,-0.025171479019433396
SOL/EUR,2023-09-18T12:00:00,2023-09-21T12:00:00,-0.009830841308904659
BTC/EUR,2023-09-19T16:00:00,2023-09-21T12:00:00,-0.03365485236083021
ETH/EUR,2023-09-26T04:00:00,2023-10-02T20:00:00,0.050492015289437475
BTC/EUR,2023-09-27T12:00:00,2023-10-03T20:00:00,0.015184715708273622
SOL/EUR,2023-09-28T16:00:00,2023-10-04T20:00:00,0.16488100527247807
BTC/EUR,2023-10-08T04:00:00,2023-10-09T12:00:00,-0.027984639012061163
ETH/EUR,2023-10-15T20:00:00,2023-10-17T16:00:00,-0.009999511513885229
ETH/EUR,2023-10-20T12:00:00,2023-10-27T08:00:00,0.09215760830136022
BTC/EUR,2023-10-15T20:00:00,2023-10-27T12:00:00,0.2404823641477991
SOL/EUR,2023-10-14T04:00:00,2023-10-28T00:00:00,0.4125659377070907
BTC/EUR,2023-10-29T20:00:00,2023-10-31T04:00:00,-0.02436383653115526
ETH/EUR,2023-10-30T12:00:00,2023-10-31T04:00:00,-0.02419295416313283
ETH/EUR,2023-11-01T00:00:00,2023-11-01T16:00:00,-0.019302097860597556
BTC/EUR,2023-11-01T00:00:00,2023-11-02T16:00:00,-0.015215166520408774
ETH/EUR,2023-11-01T20:00:00,2023-11-02T16:00:00,-0.03297907035818137
SOL/EUR,2023-10-29T20:00:00,2023-11-03T04:00:00,0.16032625500871167
ETH/EUR,2023-11-05T04:00:00,2023-11-13T00:00:00,0.07486164096502068
BTC/EUR,2023-11-07T20:00:00,2023-11-13T12:00:00,0.026940365403887112
SOL/EUR,2023-11-07T20:00:00,2023-11-13T20:00:00,0.23008315690965797
ETH/EUR,2023-11-13T16:00:00,2023-11-14T00:00:00,-0.03659637546921257
BTC/EUR,2023-11-16T00:00:00,2023-11-16T16:00:00,-0.052018264937917835
SOL/EUR,2023-11-15T12:00:00,2023-11-17T00:00:00,-0.09296755071314722
BTC/EUR,2023-11-20T00:00:00,2023-11-21T16:00:00,-0.024842513608722916
ETH/EUR,2023-11-20T00:00:00,2023-11-21T16:00:00,-0.024889906010597485
ETH/EUR,2023-11-22T16:00:00,2023-11-26T04:00:00,0.002480177956883489
BTC/EUR,2023-11-23T00:00:00,2023-11-26T16:00:00,-0.014286252337269878
SOL/EUR,2023-11-24T12:00:00,2023-11-26T16:00:00,-0.02921540663461486
SOL/EUR,2023-11-29T08:00:00,2023-12-04T16:00:00,0.02320958914586102
SOL/EUR,2023-12-06T04:00:00,2023-12-07T00:00:00,-0.04502642610377694
ETH/EUR,2023-11-30T20:00:00,2023-12-07T12:00:00,0.09350378911903268
BTC/EUR,2023-11-28T20:00:00,2023-12-11T04:00:00,0.11854582840636452
ETH/EUR,2023-12-07T16:00:00,2023-12-11T04:00:00,-0.039694851468088044
SOL/EUR,2023-12-07T16:00:00,2023-12-11T04:00:00,0.0675248486131641
BTC/EUR,2023-12-14T12:00:00,2023-12-14T16:00:00,-0.035976019467029774
ETH/EUR,2023-12-14T12:00:00,2023-12-15T16:00:00,-0.04304400428889443
SOL/EUR,2023-12-14T12:00:00,2023-12-17T04:00:00,-0.006729366801997316
BTC/EUR,2023-12-19T04:00:00,2023-12-24T00:00:00,-0.001543255130669663
ETH/EUR,2023-12-22T08:00:00,2023-12-25T00:00:00,-0.013984023672566459
SOL/EUR,2023-12-20T08:00:00,2023-12-26T20:00:00,0.3760832975015722
ETH/EUR,2023-12-27T16:00:00,2023-12-30T04:00:00,-0.024938607826352155
SOL/EUR,2024-01-01T20:00:00,2024-01-03T00:00:00,-0.023855068606924767
ETH/EUR,2024-01-02T00:00:00,2024-01-03T12:00:00,-0.01943347417371255
BTC/EUR,2024-01-01T12:00:00,2024-01-03T20:00:00,0.013283200692644881
BTC/EUR,2024-01-07T20:00:00,2024-01-08T04:00:00,-0.03280522996987412
ETH/EUR,2024-01-08T20:00:00,2024-01-09T16:00:00,-0.048159252951347487
SOL/EUR,2024-01-09T08:00:00,2024-01-10T16:00:00,-0.08233511087506262
BTC/EUR,2024-01-08T12:00:00,2024-01-12T04:00:00,0.015116839664668369
SOL/EUR,2024-01-11T12:00:00,2024-01-12T04:00:00,-0.07459984583529988
ETH/EUR,2024-01-10T04:00:00,2024-01-14T04:00:00,0.06467759078757584
BTC/EUR,2024-01-16T16:00:00,2024-01-18T12:00:00,-0.02876730804599692
ETH/EUR,2024-01-16T20:00:00,2024-01-18T12:00:00,-0.03526739009170898
SOL/EUR,2024-01-17T04:00:00,2024-01-18T20:00:00,-0.08626684309602595
ETH/EUR,2024-01-26T20:00:00,2024-01-31T12:00:00,0.007291982972482236
SOL/EUR,2024-01-26T12:00:00,2024-01-31T12:00:00,0.0655278399559116
BTC/EUR,2024-01-26T08:00:00,2024-02-01T04:00:00,0.03856985787447886
BTC/EUR,2024-02-05T12:00:00,2024-02-05T16:00:00,-0.02153498870660575
BTC/EUR,2024-02-06T16:00:00,2024-02-07T04:00:00,-0.02286712603273766
SOL/EUR,2024-02-08T00:00:00,2024-02-12T04:00:00,0.03563099732434516
SOL/EUR,2024-02-13T00:00:00,2024-02-16T08:00:00,-0.01259598091405234
BTC/EUR,2024-02-07T20:00:00,2024-02-17T16:00:00,0.1549522844641129
ETH/EUR,2024-02-05T12:00:00,2024-02-17T16:00:00,0.16687374022084156
BTC/EUR,2024-02-19T08:00:00,2024-02-20T04:00:00,-0.026333996841488516
SOL/EUR,2024-02-19T16:00:00,2024-02-20T04:00:00,-0.04685883372874333
ETH/EUR,2024-02-19T00:00:00,2024-02-21T12:00:00,-0.006973650946651477
BTC/EUR,2024-02-26T00:00:00,2024-02-26T12:00:00,-0.026765517945344652
BTC/EUR,2024-02-26T16:00:00,2024-03-03T04:00:00,0.1587109682453265
SOL/EUR,2024-02-26T16:00:00,2024-03-03T08:00:00,0.19684471360689226
ETH/EUR,2024-02-25T04:00:00,2024-03-03T08:00:00,0.10860093053180364
SOL/EUR,2024-03-05T00:00:00,2024-03-05T08:00:00,-0.038254462469864525
BTC/EUR,2024-03-04T00:00:00,2024-03-05T20:00:00,-0.04992138811889246
ETH/EUR,2024-03-04T00:00:00,2024-03-05T20:00:00,-0.0511427407685392
SOL/EUR,2024-03-05T16:00:00,2024-03-05T20:00:00,-0.14621890515514913
SOL/EUR,2024-03-07T12:00:00,2024-03-10T16:00:00,0.004857519995225212
ETH/EUR,2024-03-06T08:00:00,2024-03-11T00:00:00,0.002678484736098996
ETH/EUR,2024-03-11T08:00:00,2024-03-14T12:00:00,-0.02163475570166351
BTC/EUR,2024-03-08T20:00:00,2024-03-14T16:00:00,0.022394221987319662
SOL/EUR,2024-03-12T00:00:00,2024-03-19T04:00:00,0.23336181102298825
ETH/EUR,2024-03-22T04:00:00,2024-03-23T04:00:00,-0.06941545606675004
SOL/EUR,2024-03-25T04:00:00,2024-03-27T16:00:00,-0.03210613440480603
ETH/EUR,2024-03-25T16:00:00,2024-03-27T20:00:00,-0.03631566518736418
BTC/EUR,2024-03-25T00:00:00,2024-03-29T16:00:00,0.019392258680343888
BTC/EUR,2024-04-01T00:00:00,2024-04-01T08:00:00,-0.033183553055917026
ETH/EUR,2024-03-31T08:00:00,2024-04-01T08:00:00,-0.03136349290065299
SOL/EUR,2024-03-30T00:00:00,2024-04-01T16:00:00,-0.02608259213886943
SOL/EUR,2024-04-08T12:00:00,2024-04-09T04:00:00,-0.0421791076255178
BTC/EUR,2024-04-07T00:00:00,2024-04-09T16:00:00,-0.008168726911163215
ETH/EUR,2024-04-07T04:00:00,2024-04-10T00:00:00,0.01961483900737071
BTC/EUR,2024-04-12T04:00:00,2024-04-12T20:00:00,-0.04907981300828956
BTC/EUR,2024-04-19T08:00:00,2024-04-24T16:00:00,-0.014032027796253899
ETH/EUR,2024-04-20T16:00:00,2024-04-24T16:00:00,0.004463946294185339
SOL/EUR,2024-04-19T08:00:00,2024-04-24T16:00:00,0.041091836199451226
ETH/EUR,2024-04-28T00:00:00,2024-04-29T04:00:00,-0.03822124183076858
ETH/EUR,2024-05-04T00:00:00,2024-05-06T20:00:00,-0.024186447313967463
BTC/EUR,2024-05-03T20:00:00,2024-05-07T04:00:00,0.0057267142379691105
SOL/EUR,2024-05-02T12:00:00,2024-05-08T00:00:00,0.05036933822286227
ETH/EUR,2024-05-15T20:00:00,2024-05-16T16:00:00,-0.035290541989363655
BTC/EUR,2024-05-15T16:00:00,2024-05-19T20:00:00,0.005298243762247745
SOL/EUR,2024-05-15T16:00:00,2024-05-21T16:00:00,0.14404557379241711
BTC/EUR,2024-05-20T16:00:00,2024-05-23T16:00:00,0.0013100059174480094
ETH/EUR,2024-05-17T12:00:00,2024-05-24T08:00:00,0.20323901861040072
BTC/EUR,2024-05-27T16:00:00,2024-05-28T04:00:00,-0.04540763207903786
ETH/EUR,2024-05-27T04:00:00,2024-05-28T04:00:00,-0.032941332427994685
SOL/EUR,2024-05-27T16:00:00,2024-05-28T08:00:00,-0.04124787429950727
SOL/EUR,2024-05-29T04:00:00,2024-05-30T08:00:00,-0.04998388388779762
ETH/EUR,2024-06-02T00:00:00,2024-06-03T20:00:00,-0.027914460406940456
ETH/EUR,2024-06-05T20:00:00,2024-06-06T20:00:00,-0.03426290319186165
SOL/EUR,2024-06-04T20:00:00,2024-06-06T20:00:00,-0.012310120733236452
BTC/EUR,2024-06-03T08:00:00,2024-06-07T20:00:00,-0.001492313258292799
SOL/EUR,2024-06-16T20:00:00,2024-06-17T08:00:00,-0.026502805014781083
ETH/EUR,2024-06-16T16:00:00,2024-06-17T16:00:00,-0.040417193618439984
ETH/EUR,2024-06-27T16:00:00,2024-06-28T20:00:00,-0.033092190015059475
SOL/EUR,2024-06-25T04:00:00,2024-06-28T20:00:00,0.027447554728559087
BTC/EUR,2024-06-30T20:00:00,2024-07-02T16:00:00,-0.015294214791483296
ETH/EUR,2024-07-01T04:00:00,2024-07-02T16:00:00,-0.03383897879867237
SOL/EUR,2024-07-01T16:00:00,2024-07-03T08:00:00,-0.028576102859306562
SOL/EUR,2024-07-07T00:00:00,2024-07-08T00:00:00,-0.09061512830661744
BTC/EUR,2024-07-10T04:00:00,2024-07-11T16:00:00,-0.02934682887500939
SOL/EUR,2024-07-10T08:00:00,2024-07-11T16:00:00,-0.05670955911098685
ETH/EUR,2024-07-09T12:00:00,2024-07-12T08:00:00,-0.020491716368455815
ETH/EUR,2024-07-13T20:00:00,2024-07-18T16:00:00,0.05848751101171201
SOL/EUR,2024-07-14T08:00:00,2024-07-18T16:00:00,0.06473998116563773
BTC/EUR,2024-07-14T00:00:00,2024-07-18T16:00:00,0.06008356639822088
ETH/EUR,2024-07-19T20:00:00,2024-07-22T16:00:00,-0.030391637880042732
BTC/EUR,2024-07-19T16:00:00,2024-07-23T08:00:00,0.00024597716690055726
ETH/EUR,2024-07-23T12:00:00,2024-07-23T16:00:00,-0.02870798183081702
SOL/EUR,2024-07-19T04:00:00,2024-07-23T20:00:00,0.054027226185983546
BTC/EUR,2024-07-26T12:00:00,2024-07-29T16:00:00,0.001492168121755899
SOL/EUR,2024-07-26T12:00:00,2024-07-30T00:00:00,0.012011366341663221
ETH/EUR,2024-07-29T04:00:00,2024-07-30T20:00:00,-0.02820632662190936
SOL/EUR,2024-08-07T04:00:00,2024-08-09T16:00:00,-0.017185262856679873
BTC/EUR,2024-08-08T12:00:00,2024-08-12T00:00:00,0.013341076383487138
ETH/EUR,2024-08-08T20:00:00,2024-08-12T00:00:00,-0.019256162815453948
ETH/EUR,2024-08-12T16:00:00,2024-08-15T04:00:00,-0.03235523700330811
BTC/EUR,2024-08-18T12:00:00,2024-08-19T00:00:00,-0.037394846499217094
BTC/EUR,2024-08-20T04:00:00,2024-08-20T16:00:00,-0.04483828726053185
SOL/EUR,2024-08-20T08:00:00,2024-08-20T16:00:00,-0.04899968609396277
ETH/EUR,2024-08-23T20:00:00,2024-08-26T16:00:00,-0.018410359293185463
BTC/EUR,2024-08-21T20:00:00,2024-08-27T04:00:00,0.009403164804842712
SOL/EUR,2024-08-23T20:00:00,2024-08-27T12:00:00,0.021608090690308
ETH/EUR,2024-09-03T00:00:00,2024-09-03T16:00:00,-0.046392034954555905
SOL/EUR,2024-09-09T20:00:00,2024-09-11T16:00:00,-0.03832328307745214
ETH/EUR,2024-09-10T00:00:00,2024-09-12T16:00:00,-0.028688708868285673
SOL/EUR,2024-09-13T20:00:00,2024-09-15T12:00:00,-0.03118429530284783
ETH/EUR,2024-09-13T16:00:00,2024-09-15T20:00:00,-0.025890409178913276
BTC/EUR,2024-09-09T20:00:00,2024-09-16T04:00:00,0.007137542511292505
BTC/EUR,2024-09-17T16:00:00,2024-09-18T16:00:00,-0.03898805345808809
BTC/EUR,2024-09-19T00:00:00,2024-09-22T12:00:00,-0.0005866100602266444
SOL/EUR,2024-09-19T04:00:00,2024-09-22T16:00:00,0.020797609379583415
BTC/EUR,2024-09-23T04:00:00,2024-09-24T04:00:00,-0.026328806258844817
ETH/EUR,2024-09-19T04:00:00,2024-09-24T16:00:00,0.07177156475119562
ETH/EUR,2024-09-27T08:00:00,2024-09-29T08:00:00,-0.020951914086258627
BTC/EUR,2024-09-26T12:00:00,2024-09-30T04:00:00,-0.009703235760835649
SOL/EUR,2024-09-25T00:00:00,2024-09-30T04:00:00,0.013057621434042987
BTC/EUR,2024-10-06T16:00:00,2024-10-08T00:00:00,-0.01941866892449473
ETH/EUR,2024-10-06T16:00:00,2024-10-08T00:00:00,-0.020265463455521937
SOL/EUR,2024-10-06T12:00:00,2024-10-08T00:00:00,-0.011100394433641747
SOL/EUR,2024-10-11T16:00:00,2024-10-17T12:00:00,0.04204532634483282
BTC/EUR,2024-10-11T20:00:00,2024-10-21T16:00:00,0.06486141253695332
ETH/EUR,2024-10-11T20:00:00,2024-10-22T00:00:00,0.08183050746169962
BTC/EUR,2024-10-24T20:00:00,2024-10-25T20:00:00,-0.031598953234905136
SOL/EUR,2024-10-19T16:00:00,2024-10-25T20:00:00,0.06765610690036583
SOL/EUR,2024-10-27T20:00:00,2024-10-30T12:00:00,-0.02259757705596588
ETH/EUR,2024-10-29T00:00:00,2024-10-31T16:00:00,-0.016514028645610135
BTC/EUR,2024-10-28T08:00:00,2024-10-31T16:00:00,0.015518437021387221
SOL/EUR,2024-11-06T04:00:00,2024-11-13T04:00:00,0.09631956026250954
ETH/EUR,2024-11-06T04:00:00,2024-11-13T08:00:00,0.2272771968547067
BTC/EUR,2024-11-06T04:00:00,2024-11-15T00:00:00,0.18440328698101505
BTC/EUR,2024-11-18T08:00:00,2024-11-18T20:00:00,-0.025436842565994655
ETH/EUR,2024-11-19T00:00:00,2024-11-19T08:00:00,-0.03770874981303152
SOL/EUR,2024-11-16T04:00:00,2024-11-20T16:00:00,0.06821226925525892
BTC/EUR,2024-11-19T16:00:00,2024-11-24T16:00:00,0.03268671350642749
ETH/EUR,2024-11-21T16:00:00,2024-11-24T16:00:00,-0.004916554235692927
SOL/EUR,2024-11-21T16:00:00,2024-11-24T16:00:00,-0.029389804999538027
ETH/EUR,2024-11-25T12:00:00,2024-11-26T08:00:00,-0.03384978546722017
SOL/EUR,2024-11-29T12:00:00,2024-11-30T16:00:00,-0.03729519331931341
BTC/EUR,2024-11-29T12:00:00,2024-12-01T00:00:00,-0.02232342379829544
ETH/EUR,2024-11-27T16:00:00,2024-12-02T12:00:00,0.0006360316914837405
BTC/EUR,2024-12-05T00:00:00,2024-12-05T20:00:00,-0.014078519029612102
SOL/EUR,2024-12-05T12:00:00,2024-12-05T20:00:00,-0.05181483573384227
ETH/EUR,2024-12-04T08:00:00,2024-12-09T08:00:00,0.035743650027477925
SOL/EUR,2024-12-12T16:00:00,2024-12-14T12:00:00,-0.044459928531703774
ETH/EUR,2024-12-12T16:00:00,2024-12-15T00:00:00,-0.0367949495784895
ETH/EUR,2024-12-16T08:00:00,2024-12-17T16:00:00,-0.01992752727510283
SOL/EUR,2024-12-17T20:00:00,2024-12-18T04:00:00,-0.05627110910479183
BTC/EUR,2024-12-11T16:00:00,2024-12-18T20:00:00,0.021363559615846794
BTC/EUR,2024-12-25T00:00:00,2024-12-26T12:00:00,-0.04171309287373892
ETH/EUR,2024-12-26T00:00:00,2024-12-26T12:00:00,-0.04705084975896301
SOL/EUR,2024-12-25T04:00:00,2024-12-26T12:00:00,-0.06122394888040783
ETH/EUR,2024-12-30T08:00:00,2024-12-30T16:00:00,-0.03735009768240927
SOL/EUR,2024-12-30T20:00:00,2024-12-31T04:00:00,-0.04556624617550831
ETH/EUR,2024-12-31T16:00:00,2024-12-31T20:00:00,-0.02978478297992382
BTC/EUR,2024-12-31T16:00:00,2025-01-01T00:00:00,-0.032178613963441904
SOL/EUR,2024-12-31T16:00:00,2025-01-01T00:00:00,-0.058689442949490744
SOL/EUR,2025-01-02T08:00:00,2025-01-07T04:00:00,0.04138263617288729
ETH/EUR,2025-01-02T08:00:00,2025-01-07T08:00:00,0.055433276485925775
BTC/EUR,2025-01-02T08:00:00,2025-01-07T16:00:00,0.010137340024887864
ETH/EUR,2025-01-15T16:00:00,2025-01-18T08:00:00,-0.026040246710659742
BTC/EUR,2025-01-14T12:00:00,2025-01-20T00:00:00,0.03376346905984051
SOL/EUR,2025-01-15T16:00:00,2025-01-20T04:00:00,0.2141311543429516
BTC/EUR,2025-01-20T08:00:00,2025-01-20T16:00:00,-0.038141016912225156
ETH/EUR,2025-01-24T08:00:00,2025-01-25T00:00:00,-0.035521614060033624
BTC/EUR,2025-01-30T04:00:00,2025-01-31T20:00:00,-0.0349109388877914
SOL/EUR,2025-01-30T12:00:00,2025-01-31T20:00:00,-0.05745072285899533
ETH/EUR,2025-01-30T12:00:00,2025-02-01T20:00:00,-0.016103424609264616
SOL/EUR,2025-02-09T04:00:00,2025-02-11T16:00:00,-0.04979482221591214
ETH/EUR,2025-02-11T04:00:00,2025-02-11T16:00:00,-0.022637379917428646
BTC/EUR,2025-02-11T04:00:00,2025-02-11T16:00:00,-0.021841981816963396
ETH/EUR,2025-02-13T00:00:00,2025-02-13T12:00:00,-0.04214835451300114
ETH/EUR,2025-02-17T12:00:00,2025-02-18T08:00:00,-0.040075297653095476
BTC/EUR,2025-02-20T00:00:00,2025-02-21T20:00:00,-0.0292792855096925
ETH/EUR,2025-02-21T12:00:00,2025-02-21T20:00:00,-0.06407665120388784
ETH/EUR,2025-02-23T08:00:00,2025-02-24T04:00:00,-0.05452560145179308
ETH/EUR,2025-03-02T20:00:00,2025-03-03T16:00:00,-0.10143482940940318
BTC/EUR,2025-03-02T04:00:00,2025-03-03T20:00:00,-0.03140050718254095
SOL/EUR,2025-02-28T16:00:00,2025-03-03T20:00:00,-0.04611897677859789
BTC/EUR,2025-03-14T16:00:00,2025-03-16T12:00:00,-0.03965576809758342
ETH/EUR,2025-03-15T16:00:00,2025-03-16T12:00:00,-0.04474220535643958
SOL/EUR,2025-03-14T16:00:00,2025-03-16T20:00:00,-0.05150981092142537
SOL/EUR,2025-03-19T20:00:00,2025-03-20T20:00:00,-0.04759216838435765
BTC/EUR,2025-03-19T16:00:00,2025-03-22T16:00:00,-0.013817764587863879
ETH/EUR,2025-03-19T12:00:00,2025-03-23T00:00:00,-0.02802097327879638
ETH/EUR,2025-03-23T16:00:00,2025-03-26T16:00:00,-0.006658288510411503
BTC/EUR,2025-03-24T00:00:00,2025-03-27T12:00:00,0.002746516495739204
SOL/EUR,2025-03-24T04:00:00,2025-03-27T12:00:00,-0.015100781372843541
SOL/EUR,2025-04-01T16:00:00,2025-04-02T04:00:00,-0.04988041025722745
BTC/EUR,2025-04-01T12:00:00,2025-04-03T00:00:00,-0.039844215577119035
ETH/EUR,2025-04-01T16:00:00,2025-04-03T00:00:00,-0.08519715509128212
SOL/EUR,2025-04-02T16:00:00,2025-04-03T00:00:00,-0.11361746189529487
BTC/EUR,2025-04-10T00:00:00,2025-04-10T16:00:00,-0.07838488686122924
SOL/EUR,2025-04-09T20:00:00,2025-04-10T16:00:00,-0.10997224598696798
BTC/EUR,2025-04-15T08:00:00,2025-04-15T20:00:00,-0.025692350136469422
ETH/EUR,2025-04-14T12:00:00,2025-04-15T20:00:00,-0.04347476718386778
SOL/EUR,2025-04-12T08:00:00,2025-04-15T20:00:00,0.02383069522910075
BTC/EUR,2025-04-19T08:00:00,2025-04-20T12:00:00,-0.02388799517091822
ETH/EUR,2025-04-19T16:00:00,2025-04-20T12:00:00,-0.033291003253886786
SOL/EUR,2025-04-17T08:00:00,2025-04-20T16:00:00,-0.0005404858981703509
ETH/EUR,2025-04-21T04:00:00,2025-04-21T20:00:00,-0.04888194428302706
SOL/EUR,2025-04-22T16:00:00,2025-04-26T12:00:00,0.019236105210716392
BTC/EUR,2025-04-21T04:00:00,2025-04-28T00:00:00,0.07845964236762626
ETH/EUR,2025-04-22T16:00:00,2025-04-28T04:00:00,0.04503607350180783
BTC/EUR,2025-04-28T12:00:00,2025-04-28T16:00:00,-0.030285503508151956
ETH/EUR,2025-04-29T12:00:00,2025-04-30T08:00:00,-0.029866560398860376
SOL/EUR,2025-05-01T12:00:00,2025-05-04T00:00:00,-0.042943798586352444
BTC/EUR,2025-05-01T08:00:00,2025-05-04T12:00:00,-0.006026055102579586
ETH/EUR,2025-05-01T12:00:00,2025-05-04T12:00:00,-0.01937894457677669
BTC/EUR,2025-05-07T00:00:00,2025-05-12T16:00:00,0.06751480159879986
SOL/EUR,2025-05-08T00:00:00,2025-05-12T20:00:00,0.16814104257381413
ETH/EUR,2025-05-08T04:00:00,2025-05-13T04:00:00,0.28418097576272916
SOL/EUR,2025-05-13T20:00:00,2025-05-15T04:00:00,-0.0551284593508925
ETH/EUR,2025-05-13T20:00:00,2025-05-15T08:00:00,-0.07100798032923439
BTC/EUR,2025-05-18T16:00:00,2025-05-18T20:00:00,-0.027106517556878984
SOL/EUR,2025-05-18T16:00:00,2025-05-18T20:00:00,-0.06664391777699752
BTC/EUR,2025-05-19T00:00:00,2025-05-19T04:00:00,-0.03721112869475329
ETH/EUR,2025-05-22T04:00:00,2025-05-23T12:00:00,-0.033597413962091816
BTC/EUR,2025-05-21T16:00:00,2025-05-23T16:00:00,-0.01273064426982251
SOL/EUR,2025-05-22T04:00:00,2025-05-24T00:00:00,-0.029979736962838177
SOL/EUR,2025-05-27T16:00:00,2025-05-28T08:00:00,-0.036887333021419444
BTC/EUR,2025-05-27T16:00:00,2025-05-28T16:00:00,-0.0351076239221606
ETH/EUR,2025-05-27T08:00:00,2025-05-29T16:00:00,-0.0008520676937721072
SOL/EUR,2025-06-03T08:00:00,2025-06-04T00:00:00,-0.03878356342186573
BTC/EUR,2025-06-03T16:00:00,2025-06-04T12:00:00,-0.026879747918575392
ETH/EUR,2025-06-03T04:00:00,2025-06-05T20:00:00,-0.04176893578478291
BTC/EUR,2025-06-07T16:00:00,2025-06-12T00:00:00,0.006706987818130505
SOL/EUR,2025-06-08T20:00:00,2025-06-12T04:00:00,0.011971826855973422
ETH/EUR,2025-06-09T12:00:00,2025-06-12T20:00:00,0.033092788215937086
SOL/EUR,2025-06-16T04:00:00,2025-06-17T00:00:00,-0.04472019648904135
ETH/EUR,2025-06-16T16:00:00,2025-06-17T00:00:00,-0.04345292778595411
BTC/EUR,2025-06-16T08:00:00,2025-06-17T08:00:00,-0.013476863136508643
SOL/EUR,2025-06-24T00:00:00,2025-06-27T00:00:00,-0.057636542645832956
BTC/EUR,2025-06-24T00:00:00,2025-06-27T08:00:00,-0.008016135479249509
ETH/EUR,2025-06-25T00:00:00,2025-06-27T08:00:00,-0.022840396242320482
BTC/EUR,2025-06-29T12:00:00,2025-06-29T20:00:00,-0.021870804925795073
BTC/EUR,2025-06-30T04:00:00,2025-06-30T08:00:00,-0.021160949709597365
ETH/EUR,2025-06-30T00:00:00,2025-06-30T12:00:00,-0.0287366200659116
ETH/EUR,2025-06-30T20:00:00,2025-07-01T08:00:00,-0.03227815283919033
SOL/EUR,2025-06-28T20:00:00,2025-07-01T08:00:00,-0.02190895033837381
BTC/EUR,2025-07-02T20:00:00,2025-07-04T16:00:00,-0.028624608203678403
ETH/EUR,2025-07-02T20:00:00,2025-07-04T20:00:00,-0.05539999693727071
SOL/EUR,2025-07-07T08:00:00,2025-07-07T20:00:00,-0.031427837538445025
SOL/EUR,2025-07-09T08:00:00,2025-07-12T16:00:00,0.015738481664522963
BTC/EUR,2025-07-09T12:00:00,2025-07-15T04:00:00,0.0615601216407482
ETH/EUR,2025-07-08T12:00:00,2025-07-15T04:00:00,0.13536313845987458
SOL/EUR,2025-07-14T04:00:00,2025-07-15T04:00:00,-0.055669915577856166
BTC/EUR,2025-07-18T04:00:00,2025-07-18T16:00:00,-0.03276011243948307
ETH/EUR,2025-07-15T16:00:00,2025-07-22T08:00:00,0.1886478703582426
SOL/EUR,2025-07-16T12:00:00,2025-07-23T20:00:00,0.09935514298311499
SOL/EUR,2025-07-28T00:00:00,2025-07-29T00:00:00,-0.026061370689044794
ETH/EUR,2025-07-26T20:00:00,2025-07-29T16:00:00,0.009232599891912718
ETH/EUR,2025-07-31T04:00:00,2025-07-31T16:00:00,-0.031133299604773623
BTC/EUR,2025-07-28T00:00:00,2025-07-31T20:00:00,-0.004924968793265094
BTC/EUR,2025-08-05T12:00:00,2025-08-05T16:00:00,-0.03135610586213944
SOL/EUR,2025-08-05T00:00:00,2025-08-05T16:00:00,-0.045073414130235356
SOL/EUR,2025-08-07T12:00:00,2025-08-11T12:00:00,0.023328955105293536
BTC/EUR,2025-08-07T12:00:00,2025-08-14T12:00:00,0.022034062610746252
ETH/EUR,2025-08-05T00:00:00,2025-08-15T16:00:00,0.16445032540263993
SOL/EUR,2025-08-12T20:00:00,2025-08-15T16:00:00,-0.04035953253175961
BTC/EUR,2025-08-22T16:00:00,2025-08-23T12:00:00,-0.0262875066336411
ETH/EUR,2025-08-22T08:00:00,2025-08-25T20:00:00,0.008139044197917444
SOL/EUR,2025-08-22T16:00:00,2025-08-25T20:00:00,-0.014022308387504956
BTC/EUR,2025-08-28T08:00:00,2025-08-29T08:00:00,-0.04162162443080242
SOL/EUR,2025-08-27T16:00:00,2025-08-29T20:00:00,-0.0440143834501886
ETH/EUR,2025-09-03T20:00:00,2025-09-04T08:00:00,-0.03448984286325385
BTC/EUR,2025-09-02T04:00:00,2025-09-04T16:00:00,-0.015457892333100687
SOL/EUR,2025-09-02T20:00:00,2025-09-04T20:00:00,-0.0286071043997711
BTC/EUR,2025-09-05T08:00:00,2025-09-05T16:00:00,-0.03772498956977488
BTC/EUR,2025-09-09T08:00:00,2025-09-09T16:00:00,-0.028302809099285287
ETH/EUR,2025-09-10T16:00:00,2025-09-10T20:00:00,-0.030132167251707198
BTC/EUR,2025-09-10T08:00:00,2025-09-14T08:00:00,0.01124378797415404
ETH/EUR,2025-09-11T04:00:00,2025-09-14T16:00:00,0.021689623216874176
SOL/EUR,2025-09-08T12:00:00,2025-09-15T12:00:00,0.08688954514646285
BTC/EUR,2025-09-17T08:00:00,2025-09-17T12:00:00,-0.01949366427696453
BTC/EUR,2025-09-18T04:00:00,2025-09-19T16:00:00,-0.021165246696345674
SOL/EUR,2025-09-18T04:00:00,2025-09-19T16:00:00,-0.04394051084001338
SOL/EUR,2025-09-28T20:00:00,2025-09-30T16:00:00,-0.016240951299345996
SOL/EUR,2025-10-01T12:00:00,2025-10-04T20:00:00,0.025212717448338973
ETH/EUR,2025-09-28T20:00:00,2025-10-05T20:00:00,0.08960567293959132
BTC/EUR,2025-09-29T00:00:00,2025-10-07T16:00:00,0.07510741093644757
ETH/EUR,2025-10-06T12:00:00,2025-10-07T16:00:00,-0.023864247520693493
SOL/EUR,2025-10-06T16:00:00,2025-10-07T16:00:00,-0.057502235072004027
SOL/EUR,2025-10-20T08:00:00,2025-10-21T04:00:00,-0.04856345021657482
ETH/EUR,2025-10-20T04:00:00,2025-10-21T04:00:00,-0.035742138381429145
BTC/EUR,2025-10-20T04:00:00,2025-10-21T08:00:00,-0.027396953265008794
BTC/EUR,2025-10-21T16:00:00,2025-10-22T00:00:00,-0.05528398397694323
ETH/EUR,2025-10-21T16:00:00,2025-10-22T00:00:00,-0.06172599740427409
SOL/EUR,2025-10-21T16:00:00,2025-10-22T00:00:00,-0.06408915860344822
SOL/EUR,2025-10-25T08:00:00,2025-10-28T20:00:00,-0.006774200700581212
ETH/EUR,2025-10-25T20:00:00,2025-10-28T20:00:00,0.006802592499879578
BTC/EUR,2025-10-25T08:00:00,2025-10-29T00:00:00,-0.0018009662684960182
BTC/EUR,2025-11-02T08:00:00,2025-11-03T04:00:00,-0.03671207576657154
ETH/EUR,2025-11-03T00:00:00,2025-11-03T04:00:00,-0.05591734761969469
SOL/EUR,2025-11-07T20:00:00,2025-11-08T16:00:00,-0.0582007952286282
SOL/EUR,2025-11-09T20:00:00,2025-11-11T16:00:00,-0.046101816380769045
ETH/EUR,2025-11-09T16:00:00,2025-11-11T16:00:00,-0.024137398045953495
BTC/EUR,2025-11-09T20:00:00,2025-11-11T16:00:00,-0.02758096202592053
SOL/EUR,2025-11-20T04:00:00,2025-11-20T20:00:00,-0.07954796352564142
BTC/EUR,2025-11-24T20:00:00,2025-11-26T12:00:00,-0.02988258731095239
SOL/EUR,2025-11-24T20:00:00,2025-11-28T08:00:00,-0.004796733655974217
ETH/EUR,2025-11-24T04:00:00,2025-11-29T20:00:00,0.02694397252118419
BTC/EUR,2025-11-26T20:00:00,2025-11-30T04:00:00,-0.0011724715091909754
SOL/EUR,2025-12-02T20:00:00,2025-12-05T16:00:00,-0.0498997072723506
BTC/EUR,2025-12-02T20:00:00,2025-12-05T20:00:00,-0.037941157795331915
ETH/EUR,2025-12-03T08:00:00,2025-12-06T00:00:00,-0.02319812152385281
SOL/EUR,2025-12-09T16:00:00,2025-12-10T16:00:00,-0.02959923081160376
BTC/EUR,2025-12-09T16:00:00,2025-12-11T00:00:00,-0.02565973547519451
ETH/EUR,2025-12-09T16:00:00,2025-12-11T04:00:00,-0.03380072685395796
BTC/EUR,2025-12-21T00:00:00,2025-12-22T20:00:00,-0.02004626539501453
ETH/EUR,2025-12-19T12:00:00,2025-12-22T20:00:00,-0.010995491000520996
SOL/EUR,2025-12-22T12:00:00,2025-12-22T20:00:00,-0.032199373760211314
BTC/EUR,2025-12-29T04:00:00,2025-12-29T12:00:00,-0.0385970627275003
ETH/EUR,2025-12-29T04:00:00,2025-12-29T12:00:00,-0.03882540189646255
SOL/EUR,2025-12-28T00:00:00,2025-12-29T16:00:00,-0.02209838232174477
BTC/EUR,2026-01-02T12:00:00,2026-01-07T12:00:00,0.020491353510971644
ETH/EUR,2026-01-02T00:00:00,2026-01-07T16:00:00,0.04682695800515213
SOL/EUR,2026-01-02T00:00:00,2026-01-07T16:00:00,0.06240809566763206
BTC/EUR,2026-01-12T04:00:00,2026-01-12T12:00:00,-0.026158930891187038
ETH/EUR,2026-01-11T16:00:00,2026-01-12T12:00:00,-0.01660715850241179
SOL/EUR,2026-01-12T04:00:00,2026-01-13T00:00:00,-0.035710094732465
SOL/EUR,2026-01-13T16:00:00,2026-01-15T20:00:00,-0.022281031161956122
BTC/EUR,2026-01-13T08:00:00,2026-01-17T04:00:00,0.031162650828056915
ETH/EUR,2026-01-13T16:00:00,2026-01-17T08:00:00,0.02609699904353513
ETH/EUR,2026-01-18T20:00:00,2026-01-19T00:00:00,-0.033018172268257096
BTC/EUR,2026-01-28T12:00:00,2026-01-29T04:00:00,-0.03557285672223276
ETH/EUR,2026-01-28T00:00:00,2026-01-29T12:00:00,-0.03774220739569656
BTC/EUR,2026-02-08T16:00:00,2026-02-10T00:00:00,-0.03584380839773038
ETH/EUR,2026-02-08T12:00:00,2026-02-10T04:00:00,-0.05420184773710679
ETH/EUR,2026-02-13T16:00:00,2026-02-15T16:00:00,-0.024074421570895455
BTC/EUR,2026-02-14T04:00:00,2026-02-15T20:00:00,-0.021666724685428074
SOL/EUR,2026-02-13T20:00:00,2026-02-16T16:00:00,-0.02812405477474189
ETH/EUR,2026-02-21T20:00:00,2026-02-22T16:00:00,-0.02917326251736263
SOL/EUR,2026-02-21T12:00:00,2026-02-22T16:00:00,-0.03406917273300902
BTC/EUR,2026-02-21T12:00:00,2026-02-22T20:00:00,-0.02153712667154306
BTC/EUR,2026-02-25T20:00:00,2026-02-27T12:00:00,-0.05317549385895981
ETH/EUR,2026-02-25T16:00:00,2026-02-27T16:00:00,-0.04466635080392112
SOL/EUR,2026-02-25T16:00:00,2026-02-27T16:00:00,-0.05104910943298335
ETH/EUR,2026-03-02T16:00:00,2026-03-04T04:00:00,-0.046931204466020726
SOL/EUR,2026-03-02T16:00:00,2026-03-06T04:00:00,-0.010914769436020433
ETH/EUR,2026-03-04T12:00:00,2026-03-06T12:00:00,-0.007699853828892156
BTC/EUR,2026-03-02T16:00:00,2026-03-06T16:00:00,-0.011677971914356822
SOL/EUR,2026-03-10T08:00:00,2026-03-11T12:00:00,-0.03172225314208155
SOL/EUR,2026-03-13T04:00:00,2026-03-18T12:00:00,0.010163065323903542
BTC/EUR,2026-03-10T04:00:00,2026-03-18T12:00:00,0.04392878832313252
ETH/EUR,2026-03-10T08:00:00,2026-03-18T16:00:00,0.06637696250075109
BTC/EUR,2026-03-24T08:00:00,2026-03-24T20:00:00,-0.0369789469912003
SOL/EUR,2026-03-23T20:00:00,2026-03-24T20:00:00,-0.04127435589713735
SOL/EUR,2026-03-25T12:00:00,2026-03-26T08:00:00,-0.049459342722040334
BTC/EUR,2026-03-25T12:00:00,2026-03-26T12:00:00,-0.03886652884145714
ETH/EUR,2026-03-24T08:00:00,2026-03-26T12:00:00,-0.05053564094690233
ETH/EUR,2026-03-30T12:00:00,2026-03-30T20:00:00,-0.03308014367430068
BTC/EUR,2026-04-01T08:00:00,2026-04-02T04:00:00,-0.038603346113897374
ETH/EUR,2026-03-31T20:00:00,2026-04-02T04:00:00,-0.0292561354788351
SOL/EUR,2026-04-06T00:00:00,2026-04-07T00:00:00,-0.03719343809503728
ETH/EUR,2026-04-06T00:00:00,2026-04-07T12:00:00,-0.0251277353233752
BTC/EUR,2026-04-06T00:00:00,2026-04-07T12:00:00,-0.02557132068761081
SOL/EUR,2026-04-08T00:00:00,2026-04-09T04:00:00,-0.0513342346184944
BTC/EUR,2026-04-08T00:00:00,2026-04-12T04:00:00,-0.018302463214247333
ETH/EUR,2026-04-08T00:00:00,2026-04-12T04:00:00,-0.02592163194138808
SOL/EUR,2026-04-11T20:00:00,2026-04-12T04:00:00,-0.05430548804225532
SOL/EUR,2026-04-14T00:00:00,2026-04-14T20:00:00,-0.04311555531499456
ETH/EUR,2026-04-14T00:00:00,2026-04-17T08:00:00,-0.02898163029596701
ETH/EUR,2026-04-17T16:00:00,2026-04-18T12:00:00,-0.04590361776341867
SOL/EUR,2026-04-16T20:00:00,2026-04-18T20:00:00,-0.054535079210181525
BTC/EUR,2026-04-14T00:00:00,2026-04-19T04:00:00,0.003505063244550577
ETH/EUR,2026-04-22T04:00:00,2026-04-23T12:00:00,-0.0220013299880234
SOL/EUR,2026-04-22T04:00:00,2026-04-23T12:00:00,-0.02370574486675181
BTC/EUR,2026-04-22T00:00:00,2026-04-25T08:00:00,0.005562925068821389
BTC/EUR,2026-04-27T00:00:00,2026-04-27T08:00:00,-0.028287278929620352
ETH/EUR,2026-04-26T16:00:00,2026-04-27T08:00:00,-0.027742581464018534
SOL/EUR,2026-04-26T20:00:00,2026-04-27T08:00:00,-0.03338423021512593
SOL/EUR,2026-05-03T20:00:00,2026-05-04T12:00:00,-0.01275348396711784
ETH/EUR,2026-05-03T00:00:00,2026-05-06T16:00:00,0.0033463629684471474
BTC/EUR,2026-05-01T16:00:00,2026-05-07T12:00:00,0.017628571024210782
BTC/EUR,2026-05-11T00:00:00,2026-05-11T04:00:00,-0.029197512140196058
ETH/EUR,2026-05-10T20:00:00,2026-05-12T04:00:00,-0.033679717279597954
SOL/EUR,2026-05-05T16:00:00,2026-05-12T12:00:00,0.09292069742964926
BTC/EUR,2026-05-14T16:00:00,2026-05-15T16:00:00,-0.03389440471143712
SOL/EUR,2026-05-21T04:00:00,2026-05-22T20:00:00,-0.03700115216514288
SOL/EUR,2026-06-08T12:00:00,2026-06-09T16:00:00,-0.04795908978108909
BTC/EUR,2026-06-08T00:00:00,2026-06-09T16:00:00,-0.04978055304536422
ETH/EUR,2026-06-13T16:00:00,2026-06-14T16:00:00,-0.022675130910218333
BTC/EUR,2026-06-12T12:00:00,2026-06-16T20:00:00,0.014325633557896955
ETH/EUR,2026-06-15T00:00:00,2026-06-17T20:00:00,0.0014727980320539125
SOL/EUR,2026-06-12T16:00:00,2026-06-18T08:00:00,0.05973678296573892
BTC/EUR,2026-06-21T04:00:00,2026-06-22T00:00:00,-0.028615735218844307
ETH/EUR,2026-06-22T08:00:00,2026-06-23T00:00:00,-0.02102047647218286
BTC/EUR,2026-06-22T12:00:00,2026-06-23T08:00:00,-0.03611144827974988
SOL/EUR,2026-06-21T00:00:00,2026-06-23T08:00:00,-0.05131628356408913
ETH/EUR,2026-06-29T20:00:00,2026-06-30T04:00:00,-0.03317481263299327
SOL/EUR,2026-06-26T16:00:00,2026-06-30T16:00:00,-0.00029670080781141195
SOL/EUR,2026-07-01T16:00:00,2026-07-05T20:00:00,0.029547112984692703
BTC/EUR,2026-07-02T04:00:00,2026-07-07T08:00:00,0.017758894055653007
ETH/EUR,2026-07-01T16:00:00,2026-07-07T08:00:00,0.07706134762131067
ETH/EUR,2026-07-07T16:00:00,2026-07-08T00:00:00,-0.022512778043737747
BTC/EUR,2026-07-10T12:00:00,2026-07-13T04:00:00,-0.03400990676221016
ETH/EUR,2026-07-10T12:00:00,2026-07-13T04:00:00,-0.02163723406004603
SOL/EUR,2026-07-15T16:00:00,2026-07-16T08:00:00,-0.0358455293325034
BTC/EUR,2026-07-14T16:00:00,2026-07-17T00:00:00,-0.027508531352102517
ETH/EUR,2026-07-14T16:00:00,2026-07-17T04:00:00,-0.025536521397392375
BTC/EUR,2026-07-20T12:00:00,2026-07-23T08:00:00,-0.004451469418040532
SOL/EUR,2026-07-20T04:00:00,2026-07-23T08:00:00,-0.0051645504224803185
ETH/EUR,2026-07-20T04:00:00,2026-07-23T20:00:00,-0.008256688244237198
SOL/EUR,2026-07-27T00:00:00,2026-07-28T00:00:00,-0.042753398534932985
ETH/EUR,2026-07-27T00:00:00,2026-07-28T00:00:00,-0.04075847081658668
SOL/EUR,2026-08-03T20:00:00,2026-08-06T04:00:00,-0.022063837632940952
BTC/EUR,2026-08-04T12:00:00,2026-08-09T04:00:00,-0.0013607237448246545
ETH/EUR,2026-08-05T20:00:00,2026-08-10T00:00:00,-0.016074209257683214
BTC/EUR,2026-08-09T16:00:00,2026-08-10T16:00:00,-0.02604348739628315
SOL/EUR,2026-08-08T04:00:00,2026-08-11T16:00:00,-0.010386928494680037
ETH/EUR,2026-08-17T04:00:00,2026-08-26T00:00:00,0.25973718922587397
SOL/EUR,2026-08-17T16:00:00,2026-08-26T00:00:00,0.2461744683414664
BTC/EUR,2026-08-17T12:00:00,2026-08-26T20:00:00,0.21315504199104618
ETH/EUR,2026-08-27T00:00:00,2026-08-28T20:00:00,-0.03506805292051629
SOL/EUR,2026-08-27T00:00:00,2026-08-30T20:00:00,0.030902218263358927
ETH/EUR,2026-09-03T16:00:00,2026-09-04T16:00:00,-0.03731600250152245
SOL/EUR,2026-09-03T16:00:00,2026-09-04T16:00:00,-0.04685936997954776
BTC/EUR,2026-09-03T16:00:00,2026-09-07T00:00:00,-0.023093797676234762
SOL/EUR,2026-09-06T04:00:00,2026-09-07T16:00:00,-0.03850078705847115
ETH/EUR,2026-09-11T16:00:00,2026-09-13T12:00:00,-0.04133137524476871
SOL/EUR,2026-09-14T20:00:00,2026-09-15T08:00:00,-0.03824031607785394
BTC/EUR,2026-09-14T04:00:00,2026-09-15T08:00:00,-0.017794717464056253
ETH/EUR,2026-09-18T12:00:00,2026-09-23T16:00:00,0.053253113380089756
SOL/EUR,2026-09-18T04:00:00,2026-09-24T12:00:00,0.08205214087715929
BTC/EUR,2026-09-18T08:00:00,2026-09-24T20:00:00,0.08251143144090034
ETH/EUR,2026-09-27T08:00:00,2026-09-28T00:00:00,-0.021847106007469863
BTC/EUR,2026-09-27T08:00:00,2026-09-28T04:00:00,-0.0288989470858787
SOL/EUR,2026-09-25T12:00:00,2026-09-28T04:00:00,-0.019174598468649995
ETH/EUR,2026-09-29T08:00:00,2026-09-29T16:00:00,-0.024427340193717173
